Red#0, 0.6818378615056386, 0.6818378615056386, 0.6818378615056386, 0.6818378615056386, 0.6818378615056386, 0.6818378615056386, 0.6818378615056386, 0.6818378615056386, 0.6818378615056386, 0.6818378615056386, 0.6818378615056386, 0.6818378615056386, 0.6818378615056386, 0.6818378615056386, 0.6818378615056386, 0.6519378380873191, 0.6519378380873191, 0.6519378380873191, 0.6519378380873191, 0.6519378380873191, 0.6519378380873191, 0.6519378380873191, 0.6519378380873191, 0.6519378380873191, 0.6519378380873191, 0.6519378380873191, 0.6519378380873191, 0.6519378380873191, 0.6519378380873191, 0.5794902774788971, 0.5794902774788971, 0.5794902774788971, 0.2791069079929169, 0.2791069079929169, 0.2791069079929169, 0.2791069079929169, 0.2791069079929169, 0.2791069079929169, 0.1383017705017632, 0.1383017705017632, 0.1383017705017632, 0.1383017705017632, 0.1383017705017632, 0.0, 0.0, 0.0, 0.0, 0.0, 0.0, 0.0, 0.0, 0.0, 0.0, 0.0, 0.0, 0.0, 0.0, 0.0, 0.0, 0.0, 0.0, 0.0, 0.0, 0.0, 0.0, 0.0, 0.0, 0.0, 0.0, 0.0, 0.0, 0.0, 0.0, 0.0, 0.0, 0.0, 0.0, 0.0, 0.0, 0.0, 0.0, 0.0, 0.0, 0.0, 0.0, 0.0, 0.0, 0.0, 0.0, 0.0, 0.0
Green#0, 1.2062577003899237, 1.2062577003899237, 1.2062577003899237, 1.2062577003899237, 1.2062577003899237, 1.2062577003899237, 1.2062577003899237, 1.2062577003899237, 1.2062577003899237, 1.2062577003899237, 1.2062577003899237, 1.2062577003899237, 1.2062577003899237, 1.2062577003899237, 1.2062577003899237, 1.0841604230900066, 0.9936635394534158, 0.9936635394534158, 0.9855203165782364, 0.9834782442375072, 0.9834782442375072, 0.9834782442375072, 0.9834782442375072, 0.9834782442375072, 0.9834782442375072, 0.9800094723120163, 0.8266058550381968, 0.8266058550381968, 0.8266058550381968, 0.6125541882926977, 0.6091892326894852, 0.6091892326894852, 0.33409669356752153, 0.33409669356752153, 0.33409669356752153, 0.33409669356752153, 0.33409669356752153, 0.33409669356752153, 0.21882782061365502, 0.21882782061365502, 0.21882782061365502, 0.21882782061365502, 0.21882782061365502, 0.11318393992250607, 0.11318393992250607, 0.11318393992250607, 0.11318393992250607, 0.11318393992250607, 0.11318393992250607, 0.11318393992250607, 0.11318393992250607, 0.08261436884947242, 0.05593339838124899, 0.052879637729878026, 0.052879637729878026, 0.052879637729878026, 0.052879637729878026, 0.052879637729878026, 0.03530446077691371, 0.029938908432456744, 0.01855602348434287, 0.01855602348434287, 0.01855602348434287, 0.01855602348434287, 0.008370968568078825, 0.008370968568078825, 0.008370968568078825, 0.0, 0.0, 0.0, 0.0, 0.0, 0.0, 0.0, 0.0, 0.0, 0.0, 0.0, 0.0, 0.0, 0.0, 0.0, 0.0, 0.0, 0.0, 0.0, 0.0, 0.0, 0.0, 0.0, 0.0
Blue#0, 1.311642647525261, 1.311642647525261, 1.311642647525261, 1.311642647525261, 1.311642647525261, 1.311642647525261, 1.311642647525261, 1.311642647525261, 1.311642647525261, 1.311642647525261, 1.311642647525261, 1.311642647525261, 1.311642647525261, 1.311642647525261, 1.311642647525261, 0.9846854616438447, 0.9846854616438447, 0.8341147925259598, 0.8041464085613419, 0.8041464085613419, 0.8041464085613419, 0.5170926333025165, 0.5170926333025165, 0.5170926333025165, 0.5170926333025165, 0.19014832644623908, 0.19014832644623908, 0.19014832644623908, 0.19014832644623908, 0.19014832644623908, 0.1401205804692211, 0.1401205804692211, 0.04692782993227364, 0.04692782993227364, 0.04692782993227364, 0.04692782993227364, 0.04692782993227364, 0.04692782993227364, 0.04263391448804889, 0.04263391448804889, 0.04263391448804889, 0.04263391448804889, 0.04263391448804889, 0.01946054406840004, 0.01946054406840004, 0.01946054406840004, 0.01946054406840004, 0.01946054406840004, 0.01946054406840004, 0.01946054406840004, 0.01946054406840004, 5.237818927256896E-4, 0.0, 0.0, 0.0, 0.0, 0.0, 0.0, 0.0, 0.0, 0.0, 0.0, 0.0, 0.0, 0.0, 0.0, 0.0, 0.0, 0.0, 0.0, 0.0, 0.0, 0.0, 0.0, 0.0, 0.0, 0.0, 0.0, 0.0, 0.0, 0.0, 0.0, 0.0, 0.0, 0.0, 0.0, 0.0, 0.0, 0.0, 0.0, 0.0
Red#1, 1.0483224836229499, 1.0483224836229499, 1.0483224836229499, 1.0475717132199256, 1.0475717132199256, 1.0475717132199256, 1.0475717132199256, 1.0475717132199256, 1.0475717132199256, 1.0475717132199256, 1.0415078851813457, 0.9057201208508517, 0.9014726567900545, 0.9014726567900545, 0.9014726567900545, 0.8714703064579318, 0.8004193819206327, 0.7434263613628957, 0.7404751360244274, 0.6579254693705959, 0.5600146647339902, 0.5216723365513593, 0.4533915907083753, 0.4019117963791289, 0.3647489820290134, 0.2904583385696014, 0.25584415913724434, 0.20288674970455303, 0.17190645053571996, 0.13697308735720742, 0.10086614009220386, 0.09863994489162965, 0.07097063592489061, 0.0624607343585921, 0.0624607343585921, 0.0624607343585921, 0.0624607343585921, 0.051124660694711756, 0.04887352865543213, 0.04887352865543213, 0.04887352865543213, 0.047844481591488554, 0.04675797878497153, 0.0446187565339424, 0.044073305660683994, 0.044057043736569226, 0.04199684563391749, 0.04199684563391749, 0.04199684563391749, 0.040987136844509615, 0.039748564547614405, 0.038287412292857224, 0.037192377064323545, 0.036466145333776005, 0.036466145333776005, 0.03590290516532229, 0.03498115540298471, 0.03444568297310663, 0.03241943683500654, 0.030805099857128666, 0.030585311499580204, 0.030008131930343282, 0.02973118004062012, 0.029345690880501638, 0.028242744348757537, 0.027119341415348164, 0.026077716238898565, 0.024809559424283898, 0.024143609577739245, 0.02336768449549284, 0.02302579168272996, 0.02178227204021529, 0.021012792040063066, 0.020204121467605085, 0.019641347793161353, 0.018691382357083723, 0.01787729401430207, 0.017006681531896963, 0.016077131145090094, 0.015394492188678138, 0.014645528408241298, 0.013436052786095762, 0.012537535247420819, 0.011509164638046365, 0.010438648027672198, 0.009372696451415167, 0.008392509202827865, 0.007033782076101577, 0.005838216684229803, 0.005168462341238274, 0.0
Green#1, 0.9007880170862469, 0.9007880170862469, 0.9007880170862469, 0.9007880170862469, 0.9007880170862469, 0.9007880170862469, 0.9007880170862469, 0.9007880170862469, 0.9007880170862469, 0.9007880170862469, 0.8820951837238122, 0.8076904253201269, 0.7658188175300074, 0.7658188175300074, 0.7658188175300074, 0.7426341607050643, 0.7426341607050643, 0.6998106916328741, 0.6998106916328741, 0.6573626942241101, 0.5823495960801072, 0.5639787752414516, 0.5082189852407801, 0.44908793800128166, 0.42111274451610964, 0.3431447366879167, 0.2924460434559243, 0.22622065972397978, 0.1955897009801773, 0.15097410379999393, 0.1152755657255739, 0.1152755657255739, 0.07154992104967975, 0.06644043831470382, 0.06644043831470382, 0.06644043831470382, 0.06644043831470382, 0.06134394760560948, 0.06134394760560948, 0.06134394760560948, 0.06134394760560948, 0.06134394760560948, 0.06134394760560948, 0.06134394760560948, 0.06134394760560948, 0.06134394760560948, 0.06134394760560948, 0.06134394760560948, 0.06134394760560948, 0.06134394760560948, 0.06119985317435718, 0.0585482122510513, 0.057474964896288984, 0.05736339814953996, 0.05736339814953996, 0.05681328430427002, 0.05681328430427002, 0.056099285734331344, 0.0526650942912821, 0.05120525100907278, 0.05120525100907278, 0.05021081617937953, 0.05004070332902549, 0.049074619967862776, 0.04782404946593481, 0.04609132172547206, 0.04468019571326324, 0.04347752653348309, 0.04220897760746836, 0.04166743055906752, 0.04071708727337469, 0.03861827607448524, 0.03761707835936658, 0.03646684674833343, 0.03552606456290101, 0.034011996250458074, 0.032806278112928265, 0.03139756869614368, 0.030523335639231843, 0.029835592149327062, 0.028365789323105288, 0.026419477751084032, 0.025215423936063512, 0.023307400151694593, 0.021597667588979273, 0.019965296452730614, 0.018609871318864834, 0.01667900688061458, 0.01464047437924128, 0.014493408771075916, 0.0
Blue#1, 0.8164355129256932, 0.8164355129256932, 0.8164355129256932, 0.8164355129256932, 0.8164355129256932, 0.8164355129256932, 0.8164355129256932, 0.8164355129256932, 0.8164355129256932, 0.8164355129256932, 0.7948215591768351, 0.745010258725268, 0.6956209469089865, 0.6821396610580027, 0.6821396610580027, 0.6821396610580027, 0.6821396610580027, 0.6605921715129401, 0.6605921715129401, 0.6374003622049575, 0.5684216090791862, 0.5684216090791862, 0.5117918085727602, 0.44217006990130664, 0.42645761666124554, 0.3518291426700607, 0.2883964365035929, 0.2223362872715928, 0.19483066594584283, 0.141877037357424, 0.11051950145761766, 0.11051950145761766, 0.05694710614132449, 0.053245102067779264, 0.053245102067779264, 0.053245102067779264, 0.053245102067779264, 0.05230293583790708, 0.05230293583790708, 0.05230293583790708, 0.05230293583790708, 0.05230293583790708, 0.05230293583790708, 0.05230293583790708, 0.05230293583790708, 0.05230293583790708, 0.05230293583790708, 0.05230293583790708, 0.05230293583790708, 0.05230293583790708, 0.05230293583790708, 0.05230293583790708, 0.05144771034435688, 0.05144771034435688, 0.05144771034435688, 0.05144771034435688, 0.05144771034435688, 0.05144771034435688, 0.04742781589813167, 0.04596598688432967, 0.04596598688432967, 0.0450288747882129, 0.0450288747882129, 0.044390844010180376, 0.04370620913587019, 0.0416399913044136, 0.04072475871648528, 0.04012195330832439, 0.038533478313924646, 0.03819059185674419, 0.03708613447298929, 0.03462992417052576, 0.03415276513226374, 0.03360304992941504, 0.032541322159641575, 0.03154040842079791, 0.030318988093160686, 0.02916276978829193, 0.02801641564311881, 0.027584196822710492, 0.026442740996810425, 0.024432181240607843, 0.023530227732483974, 0.02210408813193783, 0.02053326880066842, 0.019314844343417053, 0.017938894118205463, 0.016279688243228455, 0.014973955227805983, 0.01472667295087403, 0.0
Red#2, 1.1016848545930025, 1.1016848545930025, 1.0922624078273173, 1.0680130644770052, 1.0680130644770052, 1.0680130644770052, 1.0680130644770052, 1.0680130644770052, 1.0680130644770052, 1.0680130644770052, 1.0207838359067365, 0.9905397641684768, 0.9421158302763872, 0.8340046446071097, 0.8267621935516528, 0.8134820800702643, 0.7301313055080234, 0.7162705126472948, 0.6550892635065415, 0.5684007515140741, 0.4724630228274737, 0.4631735216693239, 0.37682433124157777, 0.32167439457449254, 0.2849517388762651, 0.2260527285115447, 0.18409452394712197, 0.16257524846658655, 0.14813252017085432, 0.09801947226385613, 0.07678485454602425, 0.0603412785896336, 0.03168196712272014, 0.03168196712272014, 0.03168196712272014, 0.013304483019607285, 0.013304483019607285, 0.013304483019607285, 0.013304483019607285, 0.011698366171051279, 0.009563132211234589, 0.009563132211234589, 0.009563132211234589, 0.008716796297188315, 0.007079930729695696, 0.006371109767901223, 0.00411557722958337, 0.002612600915297452, 9.989119342437007E-4, 0.0, 0.0, 0.0, 0.0, 0.0, 0.0, 0.0, 0.0, 0.0, 0.0, 0.0, 0.0, 0.0, 0.0, 0.0, 0.0, 0.0, 0.0, 0.0, 0.0, 0.0, 0.0, 0.0, 0.0, 0.0, 0.0, 0.0, 0.0, 0.0, 0.0, 0.0, 0.0, 0.0, 0.0, 0.0, 0.0, 0.0, 0.0, 0.0, 0.0, 0.0, 0.0
Green#2, 1.0860210241326924, 1.0860210241326924, 1.0686217154377862, 1.0409501418286708, 1.0409501418286708, 1.0409501418286708, 1.0409501418286708, 1.0409501418286708, 1.0409501418286708, 1.0409501418286708, 1.0002231817298624, 0.9612024761017609, 0.9113496303461791, 0.8220584425353655, 0.8038246520533731, 0.7682295606456586, 0.7359752937546802, 0.6918186389071369, 0.636640326036364, 0.5482430898905144, 0.45004294727161975, 0.4334641868419303, 0.3608173828108928, 0.3006317134932097, 0.2621843724375075, 0.2127104005661219, 0.1683434644860325, 0.14782068222026068, 0.13594076481424863, 0.08910932464404461, 0.06851903721209168, 0.05501711454279409, 0.029285228218275908, 0.029285228218275908, 0.029285228218275908, 0.014213657001183258, 0.014213657001183258, 0.014213657001183258, 0.014213657001183258, 0.01100534832946386, 0.009741981018189098, 0.009741981018189098, 0.009741981018189098, 0.00833768227666623, 0.007302356676452818, 0.0066608705004097615, 0.004136321141561868, 0.00323563992398611, 0.0022816775359812518, 0.0012634811676253248, 5.06494120148296E-5, 0.0, 0.0, 0.0, 0.0, 0.0, 0.0, 0.0, 0.0, 0.0, 0.0, 0.0, 0.0, 0.0, 0.0, 0.0, 0.0, 0.0, 0.0, 0.0, 0.0, 0.0, 0.0, 0.0, 0.0, 0.0, 0.0, 0.0, 0.0, 0.0, 0.0, 0.0, 0.0, 0.0, 0.0, 0.0, 0.0, 0.0, 0.0, 0.0, 0.0
Blue#2, 0.9403093187798861, 0.9403093187798861, 0.9097693613952099, 0.8757108471888261, 0.8757108471888261, 0.8757108471888261, 0.8757108471888261, 0.8757108471888261, 0.8757108471888261, 0.8757108471888261, 0.8363647107172628, 0.7971507484979801, 0.7410951082590366, 0.7038865391343639, 0.6631895810918683, 0.6366570147096333, 0.6366570147096333, 0.5856435157892946, 0.5371886370239447, 0.4568097036874089, 0.35894578221263507, 0.3342632000332163, 0.2751905113225858, 0.20287364917328635, 0.16541122312890502, 0.1245069748917847, 0.08064913583816026, 0.07293523862124762, 0.07293523862124762, 0.07293523862124762, 0.07293523862124762, 0.07293523862124762, 0.07293523862124762, 0.07293523862124762, 0.07293523862124762, 0.07293523862124762, 0.07293523862124762, 0.07293523862124762, 0.07293523862124762, 0.07293523862124762, 0.07293523862124762, 0.07293523862124762, 0.07293523862124762, 0.07293523862124762, 0.07293523862124762, 0.07293523862124762, 0.07293523862124762, 0.07293523862124762, 0.07293523862124762, 0.07293523862124762, 0.07293523862124762, 0.07293523862124762, 0.07293523862124762, 0.07293523862124762, 0.07293523862124762, 0.07293523862124762, 0.07293523862124762, 0.07293523862124762, 0.07293523862124762, 0.07293523862124762, 0.07293523862124762, 0.07293523862124762, 0.07293523862124762, 0.07293523862124762, 0.07293523862124762, 0.07293523862124762, 0.07293523862124762, 0.07293523862124762, 0.07293523862124762, 0.07293523862124762, 0.07293523862124762, 0.07293523862124762, 0.07293523862124762, 0.07293523862124762, 0.07293523862124762, 0.07055687875542899, 0.07031804939330043, 0.06801926206568323, 0.06704405654657127, 0.06413022025527622, 0.06341616015837133, 0.06074073648373489, 0.05800788911959846, 0.05469473211384797, 0.05188473564326819, 0.047499901348601443, 0.043171964543343995, 0.039084128660644375, 0.0359756916803557, 0.033608420491512254, 0.0
Red#3, 0.6838560850722205, 0.6838560850722205, 0.6838560850722205, 0.6838560850722205, 0.6838560850722205, 0.6838560850722205, 0.6838560850722205, 0.6838560850722205, 0.6838560850722205, 0.6838560850722205, 0.6838560850722205, 0.6838560850722205, 0.6838560850722205, 0.6838560850722205, 0.6657236312431902, 0.5277105966896962, 0.5277105966896962, 0.5277105966896962, 0.4917056313654855, 0.4318324166613813, 0.35199370549331255, 0.35199370549331255, 0.30204518932409913, 0.2488756689801243, 0.2488756689801243, 0.2488756689801243, 0.2488756689801243, 0.2488756689801243, 0.2488756689801243, 0.2488756689801243, 0.23978255386237046, 0.19206335421013798, 0.19206335421013798, 0.19206335421013798, 0.19206335421013798, 0.19206335421013798, 0.19206335421013798, 0.19206335421013798, 0.19206335421013798, 0.19206335421013798, 0.19206335421013798, 0.19206335421013798, 0.19206335421013798, 0.19206335421013798, 0.19206335421013798, 0.19206335421013798, 0.1587793646089514, 0.1587793646089514, 0.1587793646089514, 0.1587793646089514, 0.1587793646089514, 0.1587793646089514, 0.1587793646089514, 0.1587793646089514, 0.14797270825115982, 0.14797270825115982, 0.14797270825115982, 0.14797270825115982, 0.14797270825115982, 0.14797270825115982, 0.14797270825115982, 0.1043111434903645, 0.1043111434903645, 0.1043111434903645, 0.09130262203059464, 0.09130262203059464, 0.09130262203059464, 0.09130262203059464, 0.09130262203059464, 0.08803413759147385, 0.06799982020399162, 0.06799982020399162, 0.06433113359704831, 0.060394378458165365, 0.056020972506855594, 0.056020972506855594, 0.056020972506855594, 0.048789295113678195, 0.04542293806610278, 0.041690713837302225, 0.03825428037746473, 0.03825428037746473, 0.035362515048010974, 0.027429201403121675, 0.025830207346989233, 0.025830207346989233, 0.022684218112559357, 0.01677944667206086, 0.015993422935022792, 0.009626628689023312, 0.0
Green#3, 0.7411035676947051, 0.7411035676947051, 0.7411035676947051, 0.7411035676947051, 0.716685229235389, 0.716685229235389, 0.716685229235389, 0.716685229235389, 0.716685229235389, 0.716685229235389, 0.716685229235389, 0.716685229235389, 0.716685229235389, 0.716685229235389, 0.7049981219360677, 0.5691442040748516, 0.5677910845269233, 0.5677910845269233, 0.5319085083353249, 0.46599602718300215, 0.3841282124503362, 0.3841282124503362, 0.3240730723601858, 0.2767874190976978, 0.2767874190976978, 0.2767874190976978, 0.2767874190976978, 0.2767874190976978, 0.2767874190976978, 0.2767874190976978, 0.2622520939176553, 0.22204893430083603, 0.22204893430083603, 0.22204893430083603, 0.22204893430083603, 0.22204893430083603, 0.22204893430083603, 0.22204893430083603, 0.22204893430083603, 0.22204893430083603, 0.22204893430083603, 0.22204893430083603, 0.22204893430083603, 0.22204893430083603, 0.22204893430083603, 0.22204893430083603, 0.18204450788352677, 0.18204450788352677, 0.18204450788352677, 0.18204450788352677, 0.18204450788352677, 0.18204450788352677, 0.18204450788352677, 0.18204450788352677, 0.16815081725335274, 0.16712539029570017, 0.16712539029570017, 0.16712539029570017, 0.16712539029570017, 0.16712539029570017, 0.16712539029570017, 0.12282287327525293, 0.12282287327525293, 0.12282287327525293, 0.10663485922712869, 0.10663485922712869, 0.10663485922712869, 0.10663485922712869, 0.10663485922712869, 0.1003078616283931, 0.08051716461592259, 0.08051716461592259, 0.07522854933547836, 0.06995274132566949, 0.06397404014102123, 0.06397404014102123, 0.06397404014102123, 0.05664325718954909, 0.05206618355367108, 0.04787765997405531, 0.042619164442166776, 0.042619164442166776, 0.03942049586926126, 0.03040098032006258, 0.02740685833656754, 0.02740685833656754, 0.023667539182891127, 0.017147369765158346, 0.015903218018596767, 0.009604018728553581, 0.0
Blue#3, 0.8257133316250953, 0.8257133316250953, 0.8257133316250953, 0.8257133316250953, 0.774265220239622, 0.774265220239622, 0.774265220239622, 0.774265220239622, 0.774265220239622, 0.7433640334490678, 0.7433640334490678, 0.7433640334490678, 0.7433640334490678, 0.7433640334490678, 0.7309028529808725, 0.6074593020873429, 0.6074593020873429, 0.6074593020873429, 0.5634610673708358, 0.4970231502055311, 0.39301810518367, 0.39301810518367, 0.3026865904345313, 0.2824271107994175, 0.2824271107994175, 0.2824271107994175, 0.2824271107994175, 0.2824271107994175, 0.2824271107994175, 0.2824271107994175, 0.24187673098789908, 0.2166060807507328, 0.2166060807507328, 0.2166060807507328, 0.2166060807507328, 0.2166060807507328, 0.2166060807507328, 0.2166060807507328, 0.2166060807507328, 0.2166060807507328, 0.2166060807507328, 0.2166060807507328, 0.2166060807507328, 0.2166060807507328, 0.2166060807507328, 0.2166060807507328, 0.170928585874845, 0.170928585874845, 0.170928585874845, 0.170928585874845, 0.170928585874845, 0.170928585874845, 0.170928585874845, 0.170928585874845, 0.1566614683291715, 0.1566614683291715, 0.15287902007655904, 0.15287902007655904, 0.15287902007655904, 0.15287902007655904, 0.15287902007655904, 0.11234235746214517, 0.11234235746214517, 0.11234235746214517, 0.0963398846495181, 0.0963398846495181, 0.0963398846495181, 0.0963398846495181, 0.0963398846495181, 0.09075087721010064, 0.07398487574853083, 0.07398487574853083, 0.06920421842118418, 0.06361149249232496, 0.05660856903171954, 0.05660856903171954, 0.05660856903171954, 0.049393614634666856, 0.045685131067856426, 0.041729339589096436, 0.03618469408644593, 0.03618469408644593, 0.03416352573464711, 0.026329307830056246, 0.0227461743705683, 0.0227461743705683, 0.01970301487749059, 0.013942351278246218, 0.01289500391215061, 0.007580719979104069, 0.0
Red#4, 1.0274285297804153, 1.0274285297804153, 1.0274285297804153, 1.0274285297804153, 0.9644646424913921, 0.9427497409498667, 0.9098306142586641, 0.9098306142586641, 0.9098306142586641, 0.9098306142586641, 0.9098306142586641, 0.9098306142586641, 0.9098306142586641, 0.9098306142586641, 0.9098306142586641, 0.8345312282234854, 0.6703049456371658, 0.6549391576525985, 0.6270289872098839, 0.5143863025449376, 0.5143863025449376, 0.5143863025449376, 0.477387929556691, 0.27301030324374964, 0.25092803710821066, 0.21942214103427263, 0.1929635928418345, 0.1194120807008434, 0.039735151676554045, 0.039735151676554045, 0.039735151676554045, 0.039735151676554045, 0.012516359083893237, 0.012516359083893237, 0.012516359083893237, 0.011318479323646572, 0.011318479323646572, 0.011318479323646572, 0.010637395121134817, 7.353761683229293E-4, 7.353761683229293E-4, 7.353761683229293E-4, 7.353761683229293E-4, 0.0, 0.0, 0.0, 0.0, 0.0, 0.0, 0.0, 0.0, 0.0, 0.0, 0.0, 0.0, 0.0, 0.0, 0.0, 0.0, 0.0, 0.0, 0.0, 0.0, 0.0, 0.0, 0.0, 0.0, 0.0, 0.0, 0.0, 0.0, 0.0, 0.0, 0.0, 0.0, 0.0, 0.0, 0.0, 0.0, 0.0, 0.0, 0.0, 0.0, 0.0, 0.0, 0.0, 0.0, 0.0, 0.0, 0.0, 0.0
Green#4, 1.0272386251172747, 1.0272386251172747, 1.0272386251172747, 1.0272386251172747, 0.9699522459453737, 0.9102681488826534, 0.9088381129887977, 0.9088381129887977, 0.9088381129887977, 0.9088381129887977, 0.9088381129887977, 0.9088381129887977, 0.9088381129887977, 0.9088381129887977, 0.9088381129887977, 0.8105863676851832, 0.6493417555219465, 0.6493417555219465, 0.566638077050567, 0.5114064204620996, 0.5114064204620996, 0.5114064204620996, 0.3986304176382236, 0.2580552978630927, 0.25385777573666846, 0.16653113333661768, 0.16653113333661768, 0.09479918692882472, 0.024129267798623892, 0.021778454017736943, 0.021778454017736943, 0.021778454017736943, 0.0, 0.0, 0.0, 0.0, 0.0, 0.0, 0.0, 0.0, 0.0, 0.0, 0.0, 0.0, 0.0, 0.0, 0.0, 0.0, 0.0, 0.0, 0.0, 0.0, 0.0, 0.0, 0.0, 0.0, 0.0, 0.0, 0.0, 0.0, 0.0, 0.0, 0.0, 0.0, 0.0, 0.0, 0.0, 0.0, 0.0, 0.0, 0.0, 0.0, 0.0, 0.0, 0.0, 0.0, 0.0, 0.0, 0.0, 0.0, 0.0, 0.0, 0.0, 0.0, 0.0, 0.0, 0.0, 0.0, 0.0, 0.0, 0.0
Blue#4, 0.8992798484676847, 0.8992798484676847, 0.8992798484676847, 0.8976227279667274, 0.8308576309396047, 0.7870030935160832, 0.7870030935160832, 0.7870030935160832, 0.7870030935160832, 0.7870030935160832, 0.7870030935160832, 0.7870030935160832, 0.7870030935160832, 0.7870030935160832, 0.7870030935160832, 0.6455588868087407, 0.5576018596639043, 0.5084285912089467, 0.44118677506854087, 0.44118677506854087, 0.44118677506854087, 0.44118677506854087, 0.27412962545910696, 0.21905463924779095, 0.21905463924779095, 0.1176870072551685, 0.1176870072551685, 0.02390420046025396, 0.0, 0.0, 0.0, 0.0, 0.0, 0.0, 0.0, 0.0, 0.0, 0.0, 0.0, 0.0, 0.0, 0.0, 0.0, 0.0, 0.0, 0.0, 0.0, 0.0, 0.0, 0.0, 0.0, 0.0, 0.0, 0.0, 0.0, 0.0, 0.0, 0.0, 0.0, 0.0, 0.0, 0.0, 0.0, 0.0, 0.0, 0.0, 0.0, 0.0, 0.0, 0.0, 0.0, 0.0, 0.0, 0.0, 0.0, 0.0, 0.0, 0.0, 0.0, 0.0, 0.0, 0.0, 0.0, 0.0, 0.0, 0.0, 0.0, 0.0, 0.0, 0.0, 0.0
Red#5, 0.9114964246997401, 0.9114964246997401, 0.9114964246997401, 0.9114964246997401, 0.9114964246997401, 0.9114964246997401, 0.9114964246997401, 0.9114964246997401, 0.9114964246997401, 0.9114964246997401, 0.9114964246997401, 0.9114964246997401, 0.9114964246997401, 0.9114964246997401, 0.9114964246997401, 0.8653511142610013, 0.8036326711042839, 0.8036326711042839, 0.8036326711042839, 0.6955652953712168, 0.6019129297517547, 0.6019129297517547, 0.6019129297517547, 0.54111542523746, 0.54111542523746, 0.54111542523746, 0.38926458990669754, 0.0, 0.0, 0.0, 0.0, 0.0, 0.0, 0.0, 0.0, 0.0, 0.0, 0.0, 0.0, 0.0, 0.0, 0.0, 0.0, 0.0, 0.0, 0.0, 0.0, 0.0, 0.0, 0.0, 0.0, 0.0, 0.0, 0.0, 0.0, 0.0, 0.0, 0.0, 0.0, 0.0, 0.0, 0.0, 0.0, 0.0, 0.0, 0.0, 0.0, 0.0, 0.0, 0.0, 0.0, 0.0, 0.0, 0.0, 0.0, 0.0, 0.0, 0.0, 0.0, 0.0, 0.0, 0.0, 0.0, 0.0, 0.0, 0.0, 0.0, 0.0, 0.0, 0.0, 0.0
Green#5, 1.1754988360624403, 1.1754988360624403, 1.1754988360624403, 1.1754988360624403, 1.1754988360624403, 1.1754988360624403, 1.1754988360624403, 1.1754988360624403, 1.1754988360624403, 1.1754988360624403, 1.1754988360624403, 1.1754988360624403, 1.1754988360624403, 1.1754988360624403, 1.1754988360624403, 1.1535182899846195, 1.0305290208704645, 1.0305290208704645, 1.0305290208704645, 0.8671475851445796, 0.6510064094876089, 0.6510064094876089, 0.6510064094876089, 0.5362019747289313, 0.5362019747289313, 0.5362019747289313, 0.39224863033624024, 0.03933199816406288, 0.02163034850844541, 0.0, 0.0, 0.0, 0.0, 0.0, 0.0, 0.0, 0.0, 0.0, 0.0, 0.0, 0.0, 0.0, 0.0, 0.0, 0.0, 0.0, 0.0, 0.0, 0.0, 0.0, 0.0, 0.0, 0.0, 0.0, 0.0, 0.0, 0.0, 0.0, 0.0, 0.0, 0.0, 0.0, 0.0, 0.0, 0.0, 0.0, 0.0, 0.0, 0.0, 0.0, 0.0, 0.0, 0.0, 0.0, 0.0, 0.0, 0.0, 0.0, 0.0, 0.0, 0.0, 0.0, 0.0, 0.0, 0.0, 0.0, 0.0, 0.0, 0.0, 0.0, 0.0
Blue#5, 1.0826759393917993, 1.0826759393917993, 1.0826759393917993, 1.0826759393917993, 1.0826759393917993, 1.0826759393917993, 1.0826759393917993, 1.0826759393917993, 1.0826759393917993, 1.0826759393917993, 1.0826759393917993, 1.0826759393917993, 1.0826759393917993, 1.0826759393917993, 1.0826759393917993, 1.0665005605025448, 0.9449302963327626, 0.9449302963327626, 0.7005066222442811, 0.7005066222442811, 0.7005066222442811, 0.395360847100161, 0.395360847100161, 0.395360847100161, 0.395360847100161, 0.2602179808708552, 0.2602179808708552, 0.07346415225104855, 0.0075947514972986505, 0.0075947514972986505, 0.0075947514972986505, 0.0075947514972986505, 0.0, 0.0, 0.0, 0.0, 0.0, 0.0, 0.0, 0.0, 0.0, 0.0, 0.0, 0.0, 0.0, 0.0, 0.0, 0.0, 0.0, 0.0, 0.0, 0.0, 0.0, 0.0, 0.0, 0.0, 0.0, 0.0, 0.0, 0.0, 0.0, 0.0, 0.0, 0.0, 0.0, 0.0, 0.0, 0.0, 0.0, 0.0, 0.0, 0.0, 0.0, 0.0, 0.0, 0.0, 0.0, 0.0, 0.0, 0.0, 0.0, 0.0, 0.0, 0.0, 0.0, 0.0, 0.0, 0.0, 0.0, 0.0, 0.0
Red#6, 0.9956369269400468, 0.9956369269400468, 0.9956369269400468, 0.9956369269400468, 0.9064531170199137, 0.9064531170199137, 0.9064531170199137, 0.9064531170199137, 0.9064531170199137, 0.9064531170199137, 0.9064531170199137, 0.9064531170199137, 0.9064531170199137, 0.9064531170199137, 0.9064531170199137, 0.8151289984050692, 0.6618603942261143, 0.6589109551225893, 0.6589109551225893, 0.47088806338903816, 0.4695025893716198, 0.4695025893716198, 0.42338185808357154, 0.27790216121204475, 0.15847284804779888, 0.11233450179315117, 0.11233450179315117, 0.02998620877604655, 0.02980384792457762, 0.0022577147862726855, 0.0022577147862726855, 0.002136400299980756, 0.0, 0.0, 0.0, 0.0, 0.0, 0.0, 0.0, 0.0, 0.0, 0.0, 0.0, 0.0, 0.0, 0.0, 0.0, 0.0, 0.0, 0.0, 0.0, 0.0, 0.0, 0.0, 0.0, 0.0, 0.0, 0.0, 0.0, 0.0, 0.0, 0.0, 0.0, 0.0, 0.0, 0.0, 0.0, 0.0, 0.0, 0.0, 0.0, 0.0, 0.0, 0.0, 0.0, 0.0, 0.0, 0.0, 0.0, 0.0, 0.0, 0.0, 0.0, 0.0, 0.0, 0.0, 0.0, 0.0, 0.0, 0.0, 0.0
Green#6, 0.8934754334964357, 0.8934754334964357, 0.8934754334964357, 0.8934754334964357, 0.8245113490672933, 0.8245113490672933, 0.8245113490672933, 0.8245113490672933, 0.8245113490672933, 0.8245113490672933, 0.8245113490672933, 0.8245113490672933, 0.8245113490672933, 0.8245113490672933, 0.8245113490672933, 0.7390666793297134, 0.6266257384514546, 0.6221822055285433, 0.6221822055285433, 0.4754528395842202, 0.4700758141044602, 0.4700758141044602, 0.4000684333453968, 0.31450555105126493, 0.19060601288395457, 0.1234108584423794, 0.1234108584423794, 0.033357515054829416, 0.013728839844169975, 0.0, 0.0, 0.0, 0.0, 0.0, 0.0, 0.0, 0.0, 0.0, 0.0, 0.0, 0.0, 0.0, 0.0, 0.0, 0.0, 0.0, 0.0, 0.0, 0.0, 0.0, 0.0, 0.0, 0.0, 0.0, 0.0, 0.0, 0.0, 0.0, 0.0, 0.0, 0.0, 0.0, 0.0, 0.0, 0.0, 0.0, 0.0, 0.0, 0.0, 0.0, 0.0, 0.0, 0.0, 0.0, 0.0, 0.0, 0.0, 0.0, 0.0, 0.0, 0.0, 0.0, 0.0, 0.0, 0.0, 0.0, 0.0, 0.0, 0.0, 0.0, 0.0
Blue#6, 0.8942268546128939, 0.8942268546128939, 0.8942268546128939, 0.8942268546128939, 0.8387487780013131, 0.8387487780013131, 0.8387487780013131, 0.8387487780013131, 0.8387487780013131, 0.8387487780013131, 0.8387487780013131, 0.8387487780013131, 0.8387487780013131, 0.8387487780013131, 0.8387487780013131, 0.7507452264019172, 0.6745226444878578, 0.6745226444878578, 0.6612009025224159, 0.5615547989819711, 0.5446862555242206, 0.5446862555242206, 0.4585147027080696, 0.3986792686864309, 0.28613912244661394, 0.21596990541682143, 0.21596990541682143, 0.10591599459233542, 0.07440307036654127, 0.04068611798223232, 0.040207706625894714, 0.019564513985611917, 0.0, 0.0, 0.0, 0.0, 0.0, 0.0, 0.0, 0.0, 0.0, 0.0, 0.0, 0.0, 0.0, 0.0, 0.0, 0.0, 0.0, 0.0, 0.0, 0.0, 0.0, 0.0, 0.0, 0.0, 0.0, 0.0, 0.0, 0.0, 0.0, 0.0, 0.0, 0.0, 0.0, 0.0, 0.0, 0.0, 0.0, 0.0, 0.0, 0.0, 0.0, 0.0, 0.0, 0.0, 0.0, 0.0, 0.0, 0.0, 0.0, 0.0, 0.0, 0.0, 0.0, 0.0, 0.0, 0.0, 0.0, 0.0, 0.0
Red#7, 1.0713790502818976, 1.0713790502818976, 1.0713790502818976, 1.0713790502818976, 1.0713790502818976, 1.0713790502818976, 1.0713790502818976, 1.0713790502818976, 1.0713790502818976, 1.0713790502818976, 1.0713790502818976, 1.0713790502818976, 1.0713790502818976, 1.0713790502818976, 1.0713790502818976, 1.0713790502818976, 1.0713790502818976, 1.0713790502818976, 1.0713790502818976, 1.0713790502818976, 1.0713790502818976, 1.0713790502818976, 1.0713790502818976, 1.0713790502818976, 1.0713790502818976, 1.0713790502818976, 1.0713790502818976, 1.0713790502818976, 1.0713790502818976, 1.0713790502818976, 1.0713790502818976, 1.0713790502818976, 0.9995832399448497, 0.9995832399448497, 0.9995832399448497, 0.783977227893386, 0.6784189665037135, 0.6784189665037135, 0.6784189665037135, 0.33296227245167453, 0.33296227245167453, 0.33296227245167453, 0.33296227245167453, 0.33296227245167453, 0.19101236377072248, 0.19101236377072248, 0.19101236377072248, 0.19101236377072248, 0.1285450439047976, 0.1285450439047976, 0.09413833115956946, 0.0866838825194206, 0.0866838825194206, 0.06304114449753886, 0.04263064942509819, 0.03904598463966359, 0.026577671081123886, 0.020147981925265377, 0.016418889893882842, 0.009194102044300781, 0.004218380471240419, 7.710166331274376E-4, 0.0, 0.0, 0.0, 0.0, 0.0, 0.0, 0.0, 0.0, 0.0, 0.0, 0.0, 0.0, 0.0, 0.0, 0.0, 0.0, 0.0, 0.0, 0.0, 0.0, 0.0, 0.0, 0.0, 0.0, 0.0, 0.0, 0.0, 0.0, 0.0
Green#7, 1.0539530137108462, 1.0539530137108462, 1.0539530137108462, 1.0539530137108462, 1.0539530137108462, 1.0539530137108462, 1.0539530137108462, 1.0539530137108462, 1.0539530137108462, 1.0539530137108462, 1.0539530137108462, 1.0539530137108462, 1.0539530137108462, 1.0539530137108462, 1.0514990230305803, 1.0472854751179372, 1.0472854751179372, 1.0472854751179372, 1.0472854751179372, 1.0263138858376966, 1.0263138858376966, 1.0263138858376966, 1.0263138858376966, 0.9987267815933037, 0.9987267815933037, 0.9987267815933037, 0.9987267815933037, 0.9987267815933037, 0.9987267815933037, 0.9360994102292322, 0.9360994102292322, 0.9360994102292322, 0.8439903582330938, 0.8439903582330938, 0.8439903582330938, 0.6446325059991442, 0.5429097497911366, 0.5429097497911366, 0.5429097497911366, 0.26089652556376786, 0.26089652556376786, 0.26089652556376786, 0.26089652556376786, 0.26089652556376786, 0.14719107067566176, 0.14604307979356365, 0.14604307979356365, 0.14604307979356365, 0.09633767586479855, 0.09633767586479855, 0.0695873085815219, 0.0695873085815219, 0.0695873085815219, 0.05482085198254685, 0.03819644891355631, 0.03428506714711661, 0.024162321450824097, 0.019658808562347745, 0.019658808562347745, 0.013691759389548771, 0.011950138781839835, 0.008519612393824285, 0.007071218065874534, 0.0036784656968603586, 0.002987059775351245, 0.0014442788690414684, 1.1203557426462599E-4, 0.0, 0.0, 0.0, 0.0, 0.0, 0.0, 0.0, 0.0, 0.0, 0.0, 0.0, 0.0, 0.0, 0.0, 0.0, 0.0, 0.0, 0.0, 0.0, 0.0, 0.0, 0.0, 0.0, 0.0
Blue#7, 1.066043344667023, 1.066043344667023, 1.066043344667023, 1.066043344667023, 1.024967493402571, 1.024967493402571, 1.024967493402571, 1.024967493402571, 1.024967493402571, 1.024967493402571, 1.024967493402571, 1.024967493402571, 1.024967493402571, 1.024967493402571, 1.024967493402571, 1.024967493402571, 1.024967493402571, 0.9220036432598236, 0.8345496312480984, 0.8345496312480984, 0.8345496312480984, 0.8345496312480984, 0.8345496312480984, 0.8345496312480984, 0.7770325078073065, 0.5923859077199307, 0.5923859077199307, 0.5923859077199307, 0.5923859077199307, 0.4831595398715688, 0.4422051448429794, 0.4422051448429794, 0.3911313486241122, 0.3911313486241122, 0.3911313486241122, 0.2818081504721971, 0.21924972897470418, 0.21924972897470418, 0.21924972897470418, 0.09340435999045593, 0.09340435999045593, 0.09340435999045593, 0.09340435999045593, 0.09340435999045593, 0.045285575963272186, 0.043256346228690526, 0.043256346228690526, 0.043256346228690526, 0.02403261641103921, 0.02403261641103921, 0.014192198016386697, 0.014192198016386697, 0.013492346363803406, 0.007336969616744354, 0.0017350039646728144, 0.0, 0.0, 0.0, 0.0, 0.0, 0.0, 0.0, 0.0, 0.0, 0.0, 0.0, 0.0, 0.0, 0.0, 0.0, 0.0, 0.0, 0.0, 0.0, 0.0, 0.0, 0.0, 0.0, 0.0, 0.0, 0.0, 0.0, 0.0, 0.0, 0.0, 0.0, 0.0, 0.0, 0.0, 0.0, 0.0
Red#8, 0.8175665311385312, 0.8175665311385312, 0.8175665311385312, 0.8175665311385312, 0.8175665311385312, 0.8175665311385312, 0.8175665311385312, 0.8175665311385312, 0.8175665311385312, 0.8175665311385312, 0.8175665311385312, 0.8175665311385312, 0.8175665311385312, 0.8175665311385312, 0.8175665311385312, 0.8175665311385312, 0.8175665311385312, 0.8175665311385312, 0.8175665311385312, 0.8175665311385312, 0.8175665311385312, 0.8175665311385312, 0.8175665311385312, 0.8175665311385312, 0.8175665311385312, 0.8175665311385312, 0.8175665311385312, 0.8175665311385312, 0.8175665311385312, 0.8175665311385312, 0.8175665311385312, 0.8175665311385312, 0.8175665311385312, 0.8175665311385312, 0.8175665311385312, 0.8175665311385312, 0.8175665311385312, 0.8175665311385312, 0.8175665311385312, 0.8175665311385312, 0.8175665311385312, 0.8175665311385312, 0.8175665311385312, 0.8175665311385312, 0.8175665311385312, 0.6517463655201834, 0.5363090621102073, 0.5363090621102073, 0.5363090621102073, 0.5363090621102073, 0.5363090621102073, 0.5363090621102073, 0.5363090621102073, 0.5363090621102073, 0.5363090621102073, 0.5363090621102073, 0.5363090621102073, 0.5363090621102073, 0.5363090621102073, 0.5363090621102073, 0.5363090621102073, 0.5248124160276001, 0.5248124160276001, 0.3939497557895191, 0.34380783618990396, 0.34380783618990396, 0.34380783618990396, 0.34380783618990396, 0.34380783618990396, 0.3344194109005433, 0.23182593840627064, 0.23100661569002717, 0.1847707715682489, 0.1847707715682489, 0.09229292970659114, 0.08768574249249197, 0.0855321884752237, 0.0855321884752237, 0.05441690366178505, 0.05441690366178505, 0.002691449019073188, 0.002691449019073188, 0.002691449019073188, 0.0, 0.0, 0.0, 0.0, 0.0, 0.0, 0.0, 0.0
Green#8, 0.6980773875661419, 0.6980773875661419, 0.6980773875661419, 0.6980773875661419, 0.6980773875661419, 0.6980773875661419, 0.6980773875661419, 0.6980773875661419, 0.6980773875661419, 0.6980773875661419, 0.6980773875661419, 0.6980773875661419, 0.6980773875661419, 0.6980773875661419, 0.6980773875661419, 0.6980773875661419, 0.6980773875661419, 0.6980773875661419, 0.6980773875661419, 0.6980773875661419, 0.6980773875661419, 0.6980773875661419, 0.6980773875661419, 0.6980773875661419, 0.6980773875661419, 0.6980773875661419, 0.6980773875661419, 0.6980773875661419, 0.6980773875661419, 0.6980773875661419, 0.6980773875661419, 0.6980773875661419, 0.6980773875661419, 0.6980773875661419, 0.6980773875661419, 0.6980773875661419, 0.6980773875661419, 0.6980773875661419, 0.6980773875661419, 0.6980773875661419, 0.6980773875661419, 0.6980773875661419, 0.6980773875661419, 0.6980773875661419, 0.6980773875661419, 0.5209400753374962, 0.4331881394814755, 0.4331881394814755, 0.4331881394814755, 0.4331881394814755, 0.4331881394814755, 0.4331881394814755, 0.4331881394814755, 0.4331881394814755, 0.4331881394814755, 0.4331881394814755, 0.4331881394814755, 0.4331881394814755, 0.4331881394814755, 0.4331881394814755, 0.4331881394814755, 0.36363920342666356, 0.36363920342666356, 0.2816756819242957, 0.2801145278634501, 0.2801145278634501, 0.2801145278634501, 0.2801145278634501, 0.2801145278634501, 0.26120079368191607, 0.18843420304279312, 0.18843420304279312, 0.16479986670681374, 0.1463801183587672, 0.07830997621312778, 0.07830997621312778, 0.06900523332493147, 0.0469766603682122, 0.03267947456516482, 0.01622773751507004, 0.0, 0.0, 0.0, 0.0, 0.0, 0.0, 0.0, 0.0, 0.0, 0.0, 0.0
Blue#8, 0.2677926780428556, 0.2677926780428556, 0.2677926780428556, 0.2677926780428556, 0.2677926780428556, 0.2677926780428556, 0.2677926780428556, 0.2677926780428556, 0.2677926780428556, 0.2677926780428556, 0.2677926780428556, 0.2677926780428556, 0.2677926780428556, 0.2677926780428556, 0.2677926780428556, 0.2677926780428556, 0.2677926780428556, 0.2677926780428556, 0.2677926780428556, 0.2677926780428556, 0.2677926780428556, 0.2677926780428556, 0.2677926780428556, 0.2677926780428556, 0.2677926780428556, 0.2677926780428556, 0.2677926780428556, 0.2677926780428556, 0.2677926780428556, 0.2677926780428556, 0.2677926780428556, 0.2677926780428556, 0.2677926780428556, 0.2677926780428556, 0.2677926780428556, 0.2677926780428556, 0.2677926780428556, 0.2677926780428556, 0.2677926780428556, 0.2677926780428556, 0.2677926780428556, 0.2677926780428556, 0.2677926780428556, 0.2677926780428556, 0.2677926780428556, 0.2677926780428556, 0.2677926780428556, 0.2677926780428556, 0.2677926780428556, 0.2677926780428556, 0.2677926780428556, 0.2467321519445012, 0.2467321519445012, 0.2467321519445012, 0.2467321519445012, 0.2467321519445012, 0.2467321519445012, 0.20793276851402404, 0.20793276851402404, 0.20793276851402404, 0.20368089546517054, 0.12633868298916046, 0.12633868298916046, 0.08127296750177598, 0.08127296750177598, 0.08127296750177598, 0.08127296750177598, 0.08127296750177598, 0.08127296750177598, 0.05982961840582844, 0.02859677722021691, 0.02859677722021691, 0.02859677722021691, 0.008304396371536233, 0.0, 0.0, 0.0, 0.0, 0.0, 0.0, 0.0, 0.0, 0.0, 0.0, 0.0, 0.0, 0.0, 0.0, 0.0, 0.0, 0.0
Red#9, 1.3371654354897542, 1.3371654354897542, 1.3371654354897542, 1.3371654354897542, 1.3371654354897542, 1.3371654354897542, 1.3371654354897542, 1.3371654354897542, 1.3371654354897542, 1.3371654354897542, 1.3371654354897542, 1.3371654354897542, 1.3371654354897542, 1.3371654354897542, 1.3371654354897542, 1.3371654354897542, 1.3371654354897542, 1.3371654354897542, 1.3371654354897542, 1.3371654354897542, 1.3371654354897542, 1.3371654354897542, 1.3371654354897542, 1.3371654354897542, 1.3371654354897542, 1.3371654354897542, 1.3371654354897542, 1.3371654354897542, 1.3371654354897542, 0.7388143784423695, 0.7388143784423695, 0.7335757689802911, 0.1535358174447888, 0.1535358174447888, 0.1535358174447888, 0.1535358174447888, 0.1535358174447888, 0.1535358174447888, 0.1535358174447888, 0.1535358174447888, 0.1535358174447888, 0.1535358174447888, 0.1535358174447888, 0.1535358174447888, 0.1535358174447888, 0.1535358174447888, 0.1535358174447888, 0.1535358174447888, 0.1535358174447888, 0.1535358174447888, 0.1535358174447888, 0.1535358174447888, 0.1535358174447888, 0.1535358174447888, 0.11580654468158313, 0.10800921695569848, 0.07774667359287316, 0.07595622420907752, 0.07595622420907752, 0.07595622420907752, 0.07401128744402491, 0.06719196282873982, 0.04820835900882983, 0.03362618578990132, 0.019354873022999736, 0.009678677978965324, 0.006975965779614824, 0.0, 0.0, 0.0, 0.0, 0.0, 0.0, 0.0, 0.0, 0.0, 0.0, 0.0, 0.0, 0.0, 0.0, 0.0, 0.0, 0.0, 0.0, 0.0, 0.0, 0.0, 0.0, 0.0, 0.0
Green#9, 1.1376256272661078, 1.1376256272661078, 1.1376256272661078, 1.1376256272661078, 1.1376256272661078, 1.1098254317775305, 1.1098254317775305, 1.1098254317775305, 1.1098254317775305, 1.1098254317775305, 1.1098254317775305, 1.1098254317775305, 1.1098254317775305, 1.0687374292810083, 1.0687374292810083, 1.0587886832420383, 1.0587886832420383, 1.0587886832420383, 1.0587886832420383, 1.052501604042585, 1.052501604042585, 1.052501604042585, 1.052501604042585, 1.048458483439395, 1.048458483439395, 1.048458483439395, 1.048458483439395, 1.048458483439395, 1.048458483439395, 0.5745715102507559, 0.5745715102507559, 0.4939385578912669, 0.02258386732760818, 0.02258386732760818, 0.02258386732760818, 0.02258386732760818, 0.02258386732760818, 0.02258386732760818, 0.02258386732760818, 0.02258386732760818, 0.02258386732760818, 0.02258386732760818, 0.02258386732760818, 0.02258386732760818, 0.02258386732760818, 0.02258386732760818, 0.02258386732760818, 0.02258386732760818, 0.02258386732760818, 0.02258386732760818, 0.02258386732760818, 0.02258386732760818, 0.02258386732760818, 0.02258386732760818, 0.0, 0.0, 0.0, 0.0, 0.0, 0.0, 0.0, 0.0, 0.0, 0.0, 0.0, 0.0, 0.0, 0.0, 0.0, 0.0, 0.0, 0.0, 0.0, 0.0, 0.0, 0.0, 0.0, 0.0, 0.0, 0.0, 0.0, 0.0, 0.0, 0.0, 0.0, 0.0, 0.0, 0.0, 0.0, 0.0, 0.0
Blue#9, 0.9249071770177514, 0.9249071770177514, 0.9249071770177514, 0.9249071770177514, 0.9110562670560819, 0.8684683945817673, 0.8684683945817673, 0.8684683945817673, 0.8684683945817673, 0.8684683945817673, 0.8684683945817673, 0.8684683945817673, 0.8684683945817673, 0.6689574322106249, 0.4723122110037796, 0.3323992866881454, 0.3323992866881454, 0.2219927030372231, 0.2219927030372231, 0.2219927030372231, 0.2219927030372231, 0.2219927030372231, 0.2219927030372231, 0.2219927030372231, 0.2219927030372231, 0.2219927030372231, 0.2219927030372231, 0.2219927030372231, 0.2219927030372231, 0.2219927030372231, 0.2219927030372231, 0.2219927030372231, 0.0, 0.0, 0.0, 0.0, 0.0, 0.0, 0.0, 0.0, 0.0, 0.0, 0.0, 0.0, 0.0, 0.0, 0.0, 0.0, 0.0, 0.0, 0.0, 0.0, 0.0, 0.0, 0.0, 0.0, 0.0, 0.0, 0.0, 0.0, 0.0, 0.0, 0.0, 0.0, 0.0, 0.0, 0.0, 0.0, 0.0, 0.0, 0.0, 0.0, 0.0, 0.0, 0.0, 0.0, 0.0, 0.0, 0.0, 0.0, 0.0, 0.0, 0.0, 0.0, 0.0, 0.0, 0.0, 0.0, 0.0, 0.0, 0.0
Red#10, 0.9163561826156628, 0.9163561826156628, 0.9163561826156628, 0.862665992932124, 0.8461099134680735, 0.8461099134680735, 0.8461099134680735, 0.8461099134680735, 0.8461099134680735, 0.8461099134680735, 0.8461099134680735, 0.8461099134680735, 0.8461099134680735, 0.8053197395908946, 0.8053197395908946, 0.8053197395908946, 0.8053197395908946, 0.7229738775749353, 0.7229738775749353, 0.7229738775749353, 0.7229738775749353, 0.7229738775749353, 0.6594052528076807, 0.513082543150051, 0.513082543150051, 0.48643678332900697, 0.2775101079767048, 0.2775101079767048, 0.2775101079767048, 0.10831211159040066, 0.10831211159040066, 0.064540312049205, 2.58369623597876E-4, 0.0, 0.0, 0.0, 0.0, 0.0, 0.0, 0.0, 0.0, 0.0, 0.0, 0.0, 0.0, 0.0, 0.0, 0.0, 0.0, 0.0, 0.0, 0.0, 0.0, 0.0, 0.0, 0.0, 0.0, 0.0, 0.0, 0.0, 0.0, 0.0, 0.0, 0.0, 0.0, 0.0, 0.0, 0.0, 0.0, 0.0, 0.0, 0.0, 0.0, 0.0, 0.0, 0.0, 0.0, 0.0, 0.0, 0.0, 0.0, 0.0, 0.0, 0.0, 0.0, 0.0, 0.0, 0.0, 0.0, 0.0, 0.0
Green#10, 0.9248440178329612, 0.9248440178329612, 0.9248440178329612, 0.8812246563656535, 0.8671939049890091, 0.8671939049890091, 0.8671939049890091, 0.8671939049890091, 0.8671939049890091, 0.8671939049890091, 0.8671939049890091, 0.8671939049890091, 0.8671939049890091, 0.8157483027899599, 0.7945701985589346, 0.7945701985589346, 0.7945701985589346, 0.76253388135335, 0.6620041382795276, 0.6620041382795276, 0.6620041382795276, 0.6620041382795276, 0.5714289911772463, 0.5131136930721508, 0.46796273543380096, 0.40051956563350244, 0.25291968683812416, 0.24169221002525607, 0.24169221002525607, 0.10789123454963376, 0.08169563184361528, 0.07106044731063443, 0.0, 0.0, 0.0, 0.0, 0.0, 0.0, 0.0, 0.0, 0.0, 0.0, 0.0, 0.0, 0.0, 0.0, 0.0, 0.0, 0.0, 0.0, 0.0, 0.0, 0.0, 0.0, 0.0, 0.0, 0.0, 0.0, 0.0, 0.0, 0.0, 0.0, 0.0, 0.0, 0.0, 0.0, 0.0, 0.0, 0.0, 0.0, 0.0, 0.0, 0.0, 0.0, 0.0, 0.0, 0.0, 0.0, 0.0, 0.0, 0.0, 0.0, 0.0, 0.0, 0.0, 0.0, 0.0, 0.0, 0.0, 0.0, 0.0
Blue#10, 1.1240557841418315, 1.1240557841418315, 1.1240557841418315, 1.045200843630179, 1.034519211938806, 1.034519211938806, 1.034519211938806, 1.034519211938806, 1.034519211938806, 1.034519211938806, 1.034519211938806, 1.034519211938806, 1.034519211938806, 1.0034677749798753, 0.9166311232021185, 0.8953645772277243, 0.8953645772277243, 0.8953645772277243, 0.8112391766282208, 0.6208729971790393, 0.5519595373359518, 0.5519595373359518, 0.5519595373359518, 0.5519595373359518, 0.41653965618576994, 0.36356089092528304, 0.28592553708818763, 0.22611414267117144, 0.20715994847216504, 0.12260035984375423, 0.07145272744267911, 0.07145272744267911, 0.017361449745044093, 0.0, 0.0, 0.0, 0.0, 0.0, 0.0, 0.0, 0.0, 0.0, 0.0, 0.0, 0.0, 0.0, 0.0, 0.0, 0.0, 0.0, 0.0, 0.0, 0.0, 0.0, 0.0, 0.0, 0.0, 0.0, 0.0, 0.0, 0.0, 0.0, 0.0, 0.0, 0.0, 0.0, 0.0, 0.0, 0.0, 0.0, 0.0, 0.0, 0.0, 0.0, 0.0, 0.0, 0.0, 0.0, 0.0, 0.0, 0.0, 0.0, 0.0, 0.0, 0.0, 0.0, 0.0, 0.0, 0.0, 0.0, 0.0
Red#11, 1.018253519464203, 1.018253519464203, 1.018253519464203, 1.018253519464203, 1.018253519464203, 1.018253519464203, 1.018253519464203, 1.018253519464203, 1.018253519464203, 1.018253519464203, 1.018253519464203, 1.018253519464203, 1.018253519464203, 1.018253519464203, 1.018253519464203, 1.018253519464203, 0.9519675191801873, 0.9519675191801873, 0.9519675191801873, 0.8289830541083657, 0.8289830541083657, 0.8289830541083657, 0.8289830541083657, 0.7272896669031037, 0.7272896669031037, 0.7272896669031037, 0.6178302068051873, 0.4672025699016003, 0.4672025699016003, 0.38160808868175866, 0.38160808868175866, 0.199678955668734, 0.1088137724946414, 0.1088137724946414, 0.1088137724946414, 0.024034819646404134, 0.024034819646404134, 0.024034819646404134, 0.023389699066432974, 0.0, 0.0, 0.0, 0.0, 0.0, 0.0, 0.0, 0.0, 0.0, 0.0, 0.0, 0.0, 0.0, 0.0, 0.0, 0.0, 0.0, 0.0, 0.0, 0.0, 0.0, 0.0, 0.0, 0.0, 0.0, 0.0, 0.0, 0.0, 0.0, 0.0, 0.0, 0.0, 0.0, 0.0, 0.0, 0.0, 0.0, 0.0, 0.0, 0.0, 0.0, 0.0, 0.0, 0.0, 0.0, 0.0, 0.0, 0.0, 0.0, 0.0, 0.0, 0.0
Green#11, 1.0134207167114717, 1.0134207167114717, 1.0134207167114717, 1.0134207167114717, 1.0134207167114717, 1.0134207167114717, 1.0134207167114717, 1.0134207167114717, 1.0134207167114717, 1.0134207167114717, 1.0134207167114717, 1.0134207167114717, 1.0134207167114717, 1.0134207167114717, 1.0134207167114717, 1.0134207167114717, 0.9405581529623995, 0.9081416934449762, 0.9081416934449762, 0.7858997754710368, 0.7858997754710368, 0.7858997754710368, 0.7858997754710368, 0.6704357394420088, 0.6592871009989021, 0.6592871009989021, 0.5522768196827166, 0.4272368972232269, 0.4272368972232269, 0.3417624780399011, 0.3417624780399011, 0.18272218046758637, 0.10067207381042119, 0.10067207381042119, 0.10067207381042119, 0.02647192954368409, 0.02647192954368409, 0.02647192954368409, 0.024639540913116032, 0.0, 0.0, 0.0, 0.0, 0.0, 0.0, 0.0, 0.0, 0.0, 0.0, 0.0, 0.0, 0.0, 0.0, 0.0, 0.0, 0.0, 0.0, 0.0, 0.0, 0.0, 0.0, 0.0, 0.0, 0.0, 0.0, 0.0, 0.0, 0.0, 0.0, 0.0, 0.0, 0.0, 0.0, 0.0, 0.0, 0.0, 0.0, 0.0, 0.0, 0.0, 0.0, 0.0, 0.0, 0.0, 0.0, 0.0, 0.0, 0.0, 0.0, 0.0, 0.0
Blue#11, 0.9993563455195577, 0.9993563455195577, 0.9993563455195577, 0.9993563455195577, 0.9939807334482909, 0.9860572292861198, 0.9860572292861198, 0.9860572292861198, 0.9860572292861198, 0.9860572292861198, 0.9860572292861198, 0.9860572292861198, 0.9860572292861198, 0.9860572292861198, 0.9860572292861198, 0.9550520166722319, 0.9550520166722319, 0.803663493558639, 0.7246159600137789, 0.7246159600137789, 0.7246159600137789, 0.7246159600137789, 0.5469839432272036, 0.5469839432272036, 0.5469839432272036, 0.43011570439029323, 0.43011570439029323, 0.3436694159686218, 0.3436694159686218, 0.25103804906620786, 0.25103804906620786, 0.14807914600662375, 0.07514585326969209, 0.07514585326969209, 0.07514585326969209, 0.023875372657450964, 0.023875372657450964, 0.023875372657450964, 0.02029950069625081, 0.0, 0.0, 0.0, 0.0, 0.0, 0.0, 0.0, 0.0, 0.0, 0.0, 0.0, 0.0, 0.0, 0.0, 0.0, 0.0, 0.0, 0.0, 0.0, 0.0, 0.0, 0.0, 0.0, 0.0, 0.0, 0.0, 0.0, 0.0, 0.0, 0.0, 0.0, 0.0, 0.0, 0.0, 0.0, 0.0, 0.0, 0.0, 0.0, 0.0, 0.0, 0.0, 0.0, 0.0, 0.0, 0.0, 0.0, 0.0, 0.0, 0.0, 0.0, 0.0

