Red#0, 0.0, 0.0, 0.0, 0.0, 0.0, 0.0, 0.0, 0.0, 0.0, 0.0, 0.0, 0.0, 0.0, 0.0, 0.0, 0.0, 0.0, 0.0, 0.0, 0.0, 0.0, 0.0, 0.0, 0.0, 0.0, 0.0, 0.0, 0.0, 0.0, 0.0, 0.0, 0.0, 0.0, 0.0, 0.0, 0.0, 0.0, 0.0, 0.0, 0.0, 0.0, 0.0, 0.0, 0.0, 0.0, 0.0, 0.0, 0.0, 0.0, 0.0, 0.0, 0.0, 0.0, 0.0, 0.0, 0.0, 0.0, 0.0, 0.0, 0.0, 0.0, 0.0, 0.0, 0.0, 0.0, 0.0, 0.0, 0.0, 0.0, 0.0, 0.0, 0.0, 0.0, 0.0, 0.0, 0.0, 0.0, 0.0, 0.0, 0.0, 0.0, 0.0, 0.0, 0.0, 0.0, 0.0, 0.0, 0.0, 0.0, 0.0, 0.0
Green#0, 0.0, 0.0, 0.0, 0.0, 0.0, 0.0, 0.0, 0.0, 0.0, 0.0, 0.0, 0.0, 0.0, 0.0, 0.0, 0.0, 0.0, 0.0, 0.0, 0.0, 0.0, 0.0, 0.0, 0.0, 0.0, 0.0, 0.0, 0.0, 0.0, 0.0, 0.0, 0.0, 0.0, 0.0, 0.0, 0.0, 0.0, 0.0, 0.0, 0.0, 0.0, 0.0, 0.0, 0.0, 0.0, 0.0, 0.0, 0.0, 0.0, 0.0, 0.0, 0.0, 0.0, 0.0, 0.0, 0.0, 0.0, 0.0, 0.0, 0.0, 0.0, 0.0, 0.0, 0.0, 0.0, 0.0, 0.0, 0.0, 0.0, 0.0, 0.0, 0.0, 0.0, 0.0, 0.0, 0.0, 0.0, 0.0, 0.0, 0.0, 0.0, 0.0, 0.0, 0.0, 0.0, 0.0, 0.0, 0.0, 0.0, 0.0, 0.0
Blue#0, 20.640297690991524, 20.640297690991524, 20.640297690991524, 20.640297690991524, 20.640297690991524, 20.640297690991524, 20.640297690991524, 11.410342855188553, 6.306272213112878, 5.832664139533524, 5.832664139533524, 5.832664139533524, 5.832664139533524, 5.832664139533524, 5.832664139533524, 5.832664139533524, 5.832664139533524, 4.49428168503133, 3.457074353751006, 3.457074353751006, 3.457074353751006, 3.457074353751006, 3.457074353751006, 3.457074353751006, 3.457074353751006, 3.457074353751006, 3.457074353751006, 3.457074353751006, 3.457074353751006, 3.457074353751006, 3.457074353751006, 3.457074353751006, 3.457074353751006, 0.7751541920015694, 0.7751541920015694, 0.7751541920015694, 0.7751541920015694, 0.7751541920015694, 0.7751541920015694, 0.0862105648142576, 0.0862105648142576, 0.0, 0.0, 0.0, 0.0, 0.0, 0.0, 0.0, 0.0, 0.0, 0.0, 0.0, 0.0, 0.0, 0.0, 0.0, 0.0, 0.0, 0.0, 0.0, 0.0, 0.0, 0.0, 0.0, 0.0, 0.0, 0.0, 0.0, 0.0, 0.0, 0.0, 0.0, 0.0, 0.0, 0.0, 0.0, 0.0, 0.0, 0.0, 0.0, 0.0, 0.0, 0.0, 0.0, 0.0, 0.0, 0.0, 0.0, 0.0, 0.0, 0.0
Red#1, 11.5424538294389, 11.5424538294389, 11.5424538294389, 11.5424538294389, 11.5424538294389, 11.5424538294389, 11.5424538294389, 11.5424538294389, 11.5424538294389, 11.5424538294389, 7.476989481442778, 4.447577056868823, 4.447577056868823, 4.447577056868823, 4.447577056868823, 4.447577056868823, 4.447577056868823, 2.5086624739240393, 2.5086624739240393, 2.5086624739240393, 0.0, 0.0, 0.0, 0.0, 0.0, 0.0, 0.0, 0.0, 0.0, 0.0, 0.0, 0.0, 0.0, 0.0, 0.0, 0.0, 0.0, 0.0, 0.0, 0.0, 0.0, 0.0, 0.0, 0.0, 0.0, 0.0, 0.0, 0.0, 0.0, 0.0, 0.0, 0.0, 0.0, 0.0, 0.0, 0.0, 0.0, 0.0, 0.0, 0.0, 0.0, 0.0, 0.0, 0.0, 0.0, 0.0, 0.0, 0.0, 0.0, 0.0, 0.0, 0.0, 0.0, 0.0, 0.0, 0.0, 0.0, 0.0, 0.0, 0.0, 0.0, 0.0, 0.0, 0.0, 0.0, 0.0, 0.0, 0.0, 0.0, 0.0, 0.0
Green#1, 14.078845412752719, 14.078845412752719, 14.078845412752719, 14.078845412752719, 14.078845412752719, 14.078845412752719, 10.30166678504152, 10.30166678504152, 10.30166678504152, 10.30166678504152, 5.77309686766379, 3.214749636293023, 3.214749636293023, 3.214749636293023, 3.214749636293023, 3.214749636293023, 3.214749636293023, 2.6029562484433413, 2.6029562484433413, 1.4314327222064465, 0.0, 0.0, 0.0, 0.0, 0.0, 0.0, 0.0, 0.0, 0.0, 0.0, 0.0, 0.0, 0.0, 0.0, 0.0, 0.0, 0.0, 0.0, 0.0, 0.0, 0.0, 0.0, 0.0, 0.0, 0.0, 0.0, 0.0, 0.0, 0.0, 0.0, 0.0, 0.0, 0.0, 0.0, 0.0, 0.0, 0.0, 0.0, 0.0, 0.0, 0.0, 0.0, 0.0, 0.0, 0.0, 0.0, 0.0, 0.0, 0.0, 0.0, 0.0, 0.0, 0.0, 0.0, 0.0, 0.0, 0.0, 0.0, 0.0, 0.0, 0.0, 0.0, 0.0, 0.0, 0.0, 0.0, 0.0, 0.0, 0.0, 0.0, 0.0
Blue#1, 37.27562569541841, 37.27562569541841, 37.27562569541841, 37.27562569541841, 37.27562569541841, 37.27562569541841, 17.60707505837427, 9.346423402466574, 7.374235282376601, 5.829266237222293, 3.8936423240905076, 3.8936423240905076, 3.8936423240905076, 2.4238470197482695, 2.4238470197482695, 2.4238470197482695, 2.4238470197482695, 2.4238470197482695, 0.5137244520759187, 0.5137244520759187, 0.11715535661370088, 0.11715535661370088, 0.11715535661370088, 0.11715535661370088, 0.11715535661370088, 0.0, 0.0, 0.0, 0.0, 0.0, 0.0, 0.0, 0.0, 0.0, 0.0, 0.0, 0.0, 0.0, 0.0, 0.0, 0.0, 0.0, 0.0, 0.0, 0.0, 0.0, 0.0, 0.0, 0.0, 0.0, 0.0, 0.0, 0.0, 0.0, 0.0, 0.0, 0.0, 0.0, 0.0, 0.0, 0.0, 0.0, 0.0, 0.0, 0.0, 0.0, 0.0, 0.0, 0.0, 0.0, 0.0, 0.0, 0.0, 0.0, 0.0, 0.0, 0.0, 0.0, 0.0, 0.0, 0.0, 0.0, 0.0, 0.0, 0.0, 0.0, 0.0, 0.0, 0.0, 0.0, 0.0
Red#2, 4.000875724697977, 4.000875724697977, 4.000875724697977, 4.000875724697977, 4.000875724697977, 4.000875724697977, 4.000875724697977, 2.94504132382026, 1.8493197855231323, 1.8493197855231323, 1.8493197855231323, 1.012188753637787, 0.27183830299344647, 0.27183830299344647, 0.27183830299344647, 0.27183830299344647, 0.27183830299344647, 0.27183830299344647, 0.15948061165226998, 0.0, 0.0, 0.0, 0.0, 0.0, 0.0, 0.0, 0.0, 0.0, 0.0, 0.0, 0.0, 0.0, 0.0, 0.0, 0.0, 0.0, 0.0, 0.0, 0.0, 0.0, 0.0, 0.0, 0.0, 0.0, 0.0, 0.0, 0.0, 0.0, 0.0, 0.0, 0.0, 0.0, 0.0, 0.0, 0.0, 0.0, 0.0, 0.0, 0.0, 0.0, 0.0, 0.0, 0.0, 0.0, 0.0, 0.0, 0.0, 0.0, 0.0, 0.0, 0.0, 0.0, 0.0, 0.0, 0.0, 0.0, 0.0, 0.0, 0.0, 0.0, 0.0, 0.0, 0.0, 0.0, 0.0, 0.0, 0.0, 0.0, 0.0, 0.0, 0.0
Green#2, 4.2563493082433705, 4.2563493082433705, 4.2563493082433705, 4.2563493082433705, 4.2563493082433705, 4.2563493082433705, 4.2563493082433705, 2.6336126902011445, 1.9058096162577465, 1.9058096162577465, 1.9058096162577465, 1.8672857962614229, 0.8354244643314157, 0.8354244643314157, 0.8354244643314157, 0.8354244643314157, 0.8354244643314157, 0.8354244643314157, 0.8354244643314157, 0.06909178611836804, 0.06909178611836804, 0.06909178611836804, 0.06909178611836804, 0.06909178611836804, 0.06909178611836804, 0.06909178611836804, 0.06909178611836804, 0.06909178611836804, 0.06909178611836804, 0.06909178611836804, 0.06909178611836804, 0.06909178611836804, 0.06909178611836804, 0.0, 0.0, 0.0, 0.0, 0.0, 0.0, 0.0, 0.0, 0.0, 0.0, 0.0, 0.0, 0.0, 0.0, 0.0, 0.0, 0.0, 0.0, 0.0, 0.0, 0.0, 0.0, 0.0, 0.0, 0.0, 0.0, 0.0, 0.0, 0.0, 0.0, 0.0, 0.0, 0.0, 0.0, 0.0, 0.0, 0.0, 0.0, 0.0, 0.0, 0.0, 0.0, 0.0, 0.0, 0.0, 0.0, 0.0, 0.0, 0.0, 0.0, 0.0, 0.0, 0.0, 0.0, 0.0, 0.0, 0.0, 0.0
Blue#2, 2.4381223567958483, 2.4381223567958483, 2.4381223567958483, 2.4381223567958483, 2.4381223567958483, 0.922525246248304, 0.570739226977616, 0.570739226977616, 0.570739226977616, 0.570739226977616, 0.570739226977616, 0.570739226977616, 0.5274767559160888, 0.5274767559160888, 0.5274767559160888, 0.5274767559160888, 0.5274767559160888, 0.5274767559160888, 0.5175514113096875, 0.2036323327155627, 0.2036323327155627, 0.2036323327155627, 0.2036323327155627, 0.2036323327155627, 0.2036323327155627, 0.2036323327155627, 0.2036323327155627, 0.2036323327155627, 0.2036323327155627, 0.2036323327155627, 0.2036323327155627, 0.2036323327155627, 0.2036323327155627, 0.0, 0.0, 0.0, 0.0, 0.0, 0.0, 0.0, 0.0, 0.0, 0.0, 0.0, 0.0, 0.0, 0.0, 0.0, 0.0, 0.0, 0.0, 0.0, 0.0, 0.0, 0.0, 0.0, 0.0, 0.0, 0.0, 0.0, 0.0, 0.0, 0.0, 0.0, 0.0, 0.0, 0.0, 0.0, 0.0, 0.0, 0.0, 0.0, 0.0, 0.0, 0.0, 0.0, 0.0, 0.0, 0.0, 0.0, 0.0, 0.0, 0.0, 0.0, 0.0, 0.0, 0.0, 0.0, 0.0, 0.0, 0.0
Red#3, 1.7247179922422806, 1.7247179922422806, 1.7247179922422806, 1.7247179922422806, 1.7247179922422806, 1.7247179922422806, 1.7247179922422806, 0.262657884248479, 0.0, 0.0, 0.0, 0.0, 0.0, 0.0, 0.0, 0.0, 0.0, 0.0, 0.0, 0.0, 0.0, 0.0, 0.0, 0.0, 0.0, 0.0, 0.0, 0.0, 0.0, 0.0, 0.0, 0.0, 0.0, 0.0, 0.0, 0.0, 0.0, 0.0, 0.0, 0.0, 0.0, 0.0, 0.0, 0.0, 0.0, 0.0, 0.0, 0.0, 0.0, 0.0, 0.0, 0.0, 0.0, 0.0, 0.0, 0.0, 0.0, 0.0, 0.0, 0.0, 0.0, 0.0, 0.0, 0.0, 0.0, 0.0, 0.0, 0.0, 0.0, 0.0, 0.0, 0.0, 0.0, 0.0, 0.0, 0.0, 0.0, 0.0, 0.0, 0.0, 0.0, 0.0, 0.0, 0.0, 0.0, 0.0, 0.0, 0.0, 0.0, 0.0, 0.0
Green#3, 2.683058838761164, 2.683058838761164, 2.683058838761164, 2.683058838761164, 2.683058838761164, 2.683058838761164, 2.506264711457012, 0.4527622571019188, 0.0, 0.0, 0.0, 0.0, 0.0, 0.0, 0.0, 0.0, 0.0, 0.0, 0.0, 0.0, 0.0, 0.0, 0.0, 0.0, 0.0, 0.0, 0.0, 0.0, 0.0, 0.0, 0.0, 0.0, 0.0, 0.0, 0.0, 0.0, 0.0, 0.0, 0.0, 0.0, 0.0, 0.0, 0.0, 0.0, 0.0, 0.0, 0.0, 0.0, 0.0, 0.0, 0.0, 0.0, 0.0, 0.0, 0.0, 0.0, 0.0, 0.0, 0.0, 0.0, 0.0, 0.0, 0.0, 0.0, 0.0, 0.0, 0.0, 0.0, 0.0, 0.0, 0.0, 0.0, 0.0, 0.0, 0.0, 0.0, 0.0, 0.0, 0.0, 0.0, 0.0, 0.0, 0.0, 0.0, 0.0, 0.0, 0.0, 0.0, 0.0, 0.0, 0.0
Blue#3, 3.7473251481951646, 3.7473251481951646, 3.7473251481951646, 3.7473251481951646, 3.7473251481951646, 2.6658112671295715, 2.6658112671295715, 0.47526567779160794, 0.3218471381706193, 0.3218471381706193, 0.3218471381706193, 0.3218471381706193, 0.0, 0.0, 0.0, 0.0, 0.0, 0.0, 0.0, 0.0, 0.0, 0.0, 0.0, 0.0, 0.0, 0.0, 0.0, 0.0, 0.0, 0.0, 0.0, 0.0, 0.0, 0.0, 0.0, 0.0, 0.0, 0.0, 0.0, 0.0, 0.0, 0.0, 0.0, 0.0, 0.0, 0.0, 0.0, 0.0, 0.0, 0.0, 0.0, 0.0, 0.0, 0.0, 0.0, 0.0, 0.0, 0.0, 0.0, 0.0, 0.0, 0.0, 0.0, 0.0, 0.0, 0.0, 0.0, 0.0, 0.0, 0.0, 0.0, 0.0, 0.0, 0.0, 0.0, 0.0, 0.0, 0.0, 0.0, 0.0, 0.0, 0.0, 0.0, 0.0, 0.0, 0.0, 0.0, 0.0, 0.0, 0.0, 0.0
Red#4, 1.82177117585452, 1.82177117585452, 1.82177117585452, 1.82177117585452, 1.82177117585452, 1.639745921511127, 1.2127766658420165, 0.9424589280469793, 0.4818927574542089, 0.394170413350429, 0.394170413350429, 0.30252439737254194, 0.30252439737254194, 0.30252439737254194, 0.30252439737254194, 0.30252439737254194, 0.30252439737254194, 0.30252439737254194, 0.10680499812946725, 0.0, 0.0, 0.0, 0.0, 0.0, 0.0, 0.0, 0.0, 0.0, 0.0, 0.0, 0.0, 0.0, 0.0, 0.0, 0.0, 0.0, 0.0, 0.0, 0.0, 0.0, 0.0, 0.0, 0.0, 0.0, 0.0, 0.0, 0.0, 0.0, 0.0, 0.0, 0.0, 0.0, 0.0, 0.0, 0.0, 0.0, 0.0, 0.0, 0.0, 0.0, 0.0, 0.0, 0.0, 0.0, 0.0, 0.0, 0.0, 0.0, 0.0, 0.0, 0.0, 0.0, 0.0, 0.0, 0.0, 0.0, 0.0, 0.0, 0.0, 0.0, 0.0, 0.0, 0.0, 0.0, 0.0, 0.0, 0.0, 0.0, 0.0, 0.0, 0.0
Green#4, 1.600739205062607, 1.600739205062607, 1.600739205062607, 1.600739205062607, 1.600739205062607, 1.4057159302265851, 1.1023425666469868, 0.8701210971787923, 0.5006913685205167, 0.3413790476297387, 0.3413790476297387, 0.26320236776509043, 0.26320236776509043, 0.26320236776509043, 0.26320236776509043, 0.26320236776509043, 0.26320236776509043, 0.26320236776509043, 0.08217794732694363, 0.0, 0.0, 0.0, 0.0, 0.0, 0.0, 0.0, 0.0, 0.0, 0.0, 0.0, 0.0, 0.0, 0.0, 0.0, 0.0, 0.0, 0.0, 0.0, 0.0, 0.0, 0.0, 0.0, 0.0, 0.0, 0.0, 0.0, 0.0, 0.0, 0.0, 0.0, 0.0, 0.0, 0.0, 0.0, 0.0, 0.0, 0.0, 0.0, 0.0, 0.0, 0.0, 0.0, 0.0, 0.0, 0.0, 0.0, 0.0, 0.0, 0.0, 0.0, 0.0, 0.0, 0.0, 0.0, 0.0, 0.0, 0.0, 0.0, 0.0, 0.0, 0.0, 0.0, 0.0, 0.0, 0.0, 0.0, 0.0, 0.0, 0.0, 0.0, 0.0
Blue#4, 1.2076869728395108, 1.2076869728395108, 1.2076869728395108, 1.2076869728395108, 1.2076869728395108, 1.0397496264529846, 0.8989622848461282, 0.728627454280204, 0.5330937482716784, 0.2426516068386398, 0.2426516068386398, 0.2426516068386398, 0.17529795885038227, 0.17529795885038227, 0.17529795885038227, 0.17529795885038227, 0.17529795885038227, 0.17529795885038227, 0.1258943920926079, 0.0, 0.0, 0.0, 0.0, 0.0, 0.0, 0.0, 0.0, 0.0, 0.0, 0.0, 0.0, 0.0, 0.0, 0.0, 0.0, 0.0, 0.0, 0.0, 0.0, 0.0, 0.0, 0.0, 0.0, 0.0, 0.0, 0.0, 0.0, 0.0, 0.0, 0.0, 0.0, 0.0, 0.0, 0.0, 0.0, 0.0, 0.0, 0.0, 0.0, 0.0, 0.0, 0.0, 0.0, 0.0, 0.0, 0.0, 0.0, 0.0, 0.0, 0.0, 0.0, 0.0, 0.0, 0.0, 0.0, 0.0, 0.0, 0.0, 0.0, 0.0, 0.0, 0.0, 0.0, 0.0, 0.0, 0.0, 0.0, 0.0, 0.0, 0.0, 0.0
Red#5, 0.7162075695767611, 0.7162075695767611, 0.7162075695767611, 0.7162075695767611, 0.7162075695767611, 0.7162075695767611, 0.7162075695767611, 0.7162075695767611, 0.6009682059364926, 0.43160036501532895, 0.43160036501532895, 0.43160036501532895, 0.43160036501532895, 0.43160036501532895, 0.43160036501532895, 0.43160036501532895, 0.43160036501532895, 0.09791289379186807, 0.09791289379186807, 0.09791289379186807, 0.09791289379186807, 0.09791289379186807, 0.0, 0.0, 0.0, 0.0, 0.0, 0.0, 0.0, 0.0, 0.0, 0.0, 0.0, 0.0, 0.0, 0.0, 0.0, 0.0, 0.0, 0.0, 0.0, 0.0, 0.0, 0.0, 0.0, 0.0, 0.0, 0.0, 0.0, 0.0, 0.0, 0.0, 0.0, 0.0, 0.0, 0.0, 0.0, 0.0, 0.0, 0.0, 0.0, 0.0, 0.0, 0.0, 0.0, 0.0, 0.0, 0.0, 0.0, 0.0, 0.0, 0.0, 0.0, 0.0, 0.0, 0.0, 0.0, 0.0, 0.0, 0.0, 0.0, 0.0, 0.0, 0.0, 0.0, 0.0, 0.0, 0.0, 0.0, 0.0, 0.0
Green#5, 0.8165126510886522, 0.8165126510886522, 0.8165126510886522, 0.8165126510886522, 0.8165126510886522, 0.8165126510886522, 0.7959972200135687, 0.7959972200135687, 0.6441054520594738, 0.5537078838309601, 0.5537078838309601, 0.5537078838309601, 0.5537078838309601, 0.5537078838309601, 0.5537078838309601, 0.5537078838309601, 0.545388320745487, 0.18958871233419078, 0.1838272027994999, 0.1838272027994999, 0.1838272027994999, 0.1838272027994999, 0.0, 0.0, 0.0, 0.0, 0.0, 0.0, 0.0, 0.0, 0.0, 0.0, 0.0, 0.0, 0.0, 0.0, 0.0, 0.0, 0.0, 0.0, 0.0, 0.0, 0.0, 0.0, 0.0, 0.0, 0.0, 0.0, 0.0, 0.0, 0.0, 0.0, 0.0, 0.0, 0.0, 0.0, 0.0, 0.0, 0.0, 0.0, 0.0, 0.0, 0.0, 0.0, 0.0, 0.0, 0.0, 0.0, 0.0, 0.0, 0.0, 0.0, 0.0, 0.0, 0.0, 0.0, 0.0, 0.0, 0.0, 0.0, 0.0, 0.0, 0.0, 0.0, 0.0, 0.0, 0.0, 0.0, 0.0, 0.0, 0.0
Blue#5, 0.9512602372150896, 0.9512602372150896, 0.9512602372150896, 0.9512602372150896, 0.9512602372150896, 0.9512602372150896, 0.9512602372150896, 0.9512602372150896, 0.6291226846199905, 0.6291226846199905, 0.6291226846199905, 0.6291226846199905, 0.6291226846199905, 0.6291226846199905, 0.6291226846199905, 0.6291226846199905, 0.4353613454508306, 0.18218882853539556, 0.18218882853539556, 0.18218882853539556, 0.18218882853539556, 0.18218882853539556, 0.0, 0.0, 0.0, 0.0, 0.0, 0.0, 0.0, 0.0, 0.0, 0.0, 0.0, 0.0, 0.0, 0.0, 0.0, 0.0, 0.0, 0.0, 0.0, 0.0, 0.0, 0.0, 0.0, 0.0, 0.0, 0.0, 0.0, 0.0, 0.0, 0.0, 0.0, 0.0, 0.0, 0.0, 0.0, 0.0, 0.0, 0.0, 0.0, 0.0, 0.0, 0.0, 0.0, 0.0, 0.0, 0.0, 0.0, 0.0, 0.0, 0.0, 0.0, 0.0, 0.0, 0.0, 0.0, 0.0, 0.0, 0.0, 0.0, 0.0, 0.0, 0.0, 0.0, 0.0, 0.0, 0.0, 0.0, 0.0, 0.0
Red#6, 9.59381683839522, 9.59381683839522, 9.59381683839522, 9.59381683839522, 9.59381683839522, 6.567249955696005, 5.045587770094594, 4.707571068083977, 4.707571068083977, 3.637701650734867, 3.376015005984882, 3.376015005984882, 3.0763792074362684, 3.0045154548266657, 3.0045154548266657, 3.0045154548266657, 3.0045154548266657, 3.0045154548266657, 2.6901228515632134, 2.6901228515632134, 2.6901228515632134, 2.6901228515632134, 1.3241785809832463, 1.3241785809832463, 1.3241785809832463, 0.0, 0.0, 0.0, 0.0, 0.0, 0.0, 0.0, 0.0, 0.0, 0.0, 0.0, 0.0, 0.0, 0.0, 0.0, 0.0, 0.0, 0.0, 0.0, 0.0, 0.0, 0.0, 0.0, 0.0, 0.0, 0.0, 0.0, 0.0, 0.0, 0.0, 0.0, 0.0, 0.0, 0.0, 0.0, 0.0, 0.0, 0.0, 0.0, 0.0, 0.0, 0.0, 0.0, 0.0, 0.0, 0.0, 0.0, 0.0, 0.0, 0.0, 0.0, 0.0, 0.0, 0.0, 0.0, 0.0, 0.0, 0.0, 0.0, 0.0, 0.0, 0.0, 0.0, 0.0, 0.0, 0.0
Green#6, 3.786489671274726, 3.786489671274726, 3.786489671274726, 3.786489671274726, 3.786489671274726, 1.0498318376994014, 1.0498318376994014, 1.0498318376994014, 1.0498318376994014, 0.04087382403608052, 0.04087382403608052, 0.0, 0.0, 0.0, 0.0, 0.0, 0.0, 0.0, 0.0, 0.0, 0.0, 0.0, 0.0, 0.0, 0.0, 0.0, 0.0, 0.0, 0.0, 0.0, 0.0, 0.0, 0.0, 0.0, 0.0, 0.0, 0.0, 0.0, 0.0, 0.0, 0.0, 0.0, 0.0, 0.0, 0.0, 0.0, 0.0, 0.0, 0.0, 0.0, 0.0, 0.0, 0.0, 0.0, 0.0, 0.0, 0.0, 0.0, 0.0, 0.0, 0.0, 0.0, 0.0, 0.0, 0.0, 0.0, 0.0, 0.0, 0.0, 0.0, 0.0, 0.0, 0.0, 0.0, 0.0, 0.0, 0.0, 0.0, 0.0, 0.0, 0.0, 0.0, 0.0, 0.0, 0.0, 0.0, 0.0, 0.0, 0.0, 0.0, 0.0
Blue#6, 0.0, 0.0, 0.0, 0.0, 0.0, 0.0, 0.0, 0.0, 0.0, 0.0, 0.0, 0.0, 0.0, 0.0, 0.0, 0.0, 0.0, 0.0, 0.0, 0.0, 0.0, 0.0, 0.0, 0.0, 0.0, 0.0, 0.0, 0.0, 0.0, 0.0, 0.0, 0.0, 0.0, 0.0, 0.0, 0.0, 0.0, 0.0, 0.0, 0.0, 0.0, 0.0, 0.0, 0.0, 0.0, 0.0, 0.0, 0.0, 0.0, 0.0, 0.0, 0.0, 0.0, 0.0, 0.0, 0.0, 0.0, 0.0, 0.0, 0.0, 0.0, 0.0, 0.0, 0.0, 0.0, 0.0, 0.0, 0.0, 0.0, 0.0, 0.0, 0.0, 0.0, 0.0, 0.0, 0.0, 0.0, 0.0, 0.0, 0.0, 0.0, 0.0, 0.0, 0.0, 0.0, 0.0, 0.0, 0.0, 0.0, 0.0, 0.0
Red#7, 2.8826149473986282, 2.8826149473986282, 2.8826149473986282, 2.8826149473986282, 1.6347680632223394, 1.1550653457435665, 1.1550653457435665, 1.1550653457435665, 1.1550653457435665, 1.1550653457435665, 1.1550653457435665, 1.1550653457435665, 1.0206527974777866, 0.8710879776455815, 0.7457078879883018, 0.7457078879883018, 0.6886004092867188, 0.5344698470791158, 0.47330075483902034, 0.43170526662426045, 0.43170526662426045, 0.43170526662426045, 0.3369896724063305, 0.3369896724063305, 0.3369896724063305, 0.3369896724063305, 0.21197020279410647, 0.19739233239089976, 0.10557737220344293, 0.10557737220344293, 0.10557737220344293, 0.10557737220344293, 0.10557737220344293, 0.0579315396635098, 0.05752852863021621, 0.022645584843369326, 0.022645584843369326, 0.022645584843369326, 0.022645584843369326, 0.0029469704636319555, 0.0029469704636319555, 0.0029469704636319555, 0.0029469704636319555, 0.0029469704636319555, 0.0, 0.0, 0.0, 0.0, 0.0, 0.0, 0.0, 0.0, 0.0, 0.0, 0.0, 0.0, 0.0, 0.0, 0.0, 0.0, 0.0, 0.0, 0.0, 0.0, 0.0, 0.0, 0.0, 0.0, 0.0, 0.0, 0.0, 0.0, 0.0, 0.0, 0.0, 0.0, 0.0, 0.0, 0.0, 0.0, 0.0, 0.0, 0.0, 0.0, 0.0, 0.0, 0.0, 0.0, 0.0, 0.0, 0.0
Green#7, 2.87998372359431, 2.87998372359431, 2.87998372359431, 2.87998372359431, 1.724073151412933, 1.1494154560529288, 1.1494154560529288, 1.1494154560529288, 1.1494154560529288, 1.1494154560529288, 1.1494154560529288, 1.1494154560529288, 1.0184794833188953, 0.8656448734583883, 0.7599084725358771, 0.7599084725358771, 0.6961609905720119, 0.5544512363317702, 0.4783617616353977, 0.4364044091969019, 0.4364044091969019, 0.4364044091969019, 0.3424926861577819, 0.3424926861577819, 0.3424926861577819, 0.3257162317036668, 0.20269701801766726, 0.19446409342072501, 0.09361063052792014, 0.09361063052792014, 0.09361063052792014, 0.09361063052792014, 0.09361063052792014, 0.04550099439271901, 0.04550099439271901, 0.0185058498215881, 0.0185058498215881, 0.0185058498215881, 0.0185058498215881, 0.0010194861457526086, 0.0010194861457526086, 0.0010194861457526086, 0.0010194861457526086, 0.0010194861457526086, 0.0, 0.0, 0.0, 0.0, 0.0, 0.0, 0.0, 0.0, 0.0, 0.0, 0.0, 0.0, 0.0, 0.0, 0.0, 0.0, 0.0, 0.0, 0.0, 0.0, 0.0, 0.0, 0.0, 0.0, 0.0, 0.0, 0.0, 0.0, 0.0, 0.0, 0.0, 0.0, 0.0, 0.0, 0.0, 0.0, 0.0, 0.0, 0.0, 0.0, 0.0, 0.0, 0.0, 0.0, 0.0, 0.0, 0.0
Blue#7, 2.8031999677839368, 2.8031999677839368, 2.8031999677839368, 2.8031999677839368, 1.771142252384052, 1.1202436981134938, 1.1202436981134938, 1.046080292623536, 1.046080292623536, 1.046080292623536, 1.046080292623536, 1.046080292623536, 0.9608943768617992, 0.7728773059163538, 0.7434981443028706, 0.7434981443028706, 0.6815367354090728, 0.5502813025592777, 0.4351868477534624, 0.4183893723728703, 0.4183893723728703, 0.4183893723728703, 0.3373164225197558, 0.3373164225197558, 0.3373164225197558, 0.28816451147375954, 0.16955765411402454, 0.1486140682251806, 0.07228727922018834, 0.07228727922018834, 0.07228727922018834, 0.07228727922018834, 0.07228727922018834, 0.0, 0.0, 0.0, 0.0, 0.0, 0.0, 0.0, 0.0, 0.0, 0.0, 0.0, 0.0, 0.0, 0.0, 0.0, 0.0, 0.0, 0.0, 0.0, 0.0, 0.0, 0.0, 0.0, 0.0, 0.0, 0.0, 0.0, 0.0, 0.0, 0.0, 0.0, 0.0, 0.0, 0.0, 0.0, 0.0, 0.0, 0.0, 0.0, 0.0, 0.0, 0.0, 0.0, 0.0, 0.0, 0.0, 0.0, 0.0, 0.0, 0.0, 0.0, 0.0, 0.0, 0.0, 0.0, 0.0, 0.0, 0.0
Red#8, 1.0132805460619387, 1.0132805460619387, 1.0132805460619387, 1.0132805460619387, 1.0132805460619387, 1.0132805460619387, 1.0132805460619387, 1.0132805460619387, 1.0132805460619387, 1.0132805460619387, 1.0132805460619387, 0.5783469209340053, 0.5783469209340053, 0.5783469209340053, 0.5783469209340053, 0.5783469209340053, 0.5783469209340053, 0.5783469209340053, 0.020417553285870634, 0.0, 0.0, 0.0, 0.0, 0.0, 0.0, 0.0, 0.0, 0.0, 0.0, 0.0, 0.0, 0.0, 0.0, 0.0, 0.0, 0.0, 0.0, 0.0, 0.0, 0.0, 0.0, 0.0, 0.0, 0.0, 0.0, 0.0, 0.0, 0.0, 0.0, 0.0, 0.0, 0.0, 0.0, 0.0, 0.0, 0.0, 0.0, 0.0, 0.0, 0.0, 0.0, 0.0, 0.0, 0.0, 0.0, 0.0, 0.0, 0.0, 0.0, 0.0, 0.0, 0.0, 0.0, 0.0, 0.0, 0.0, 0.0, 0.0, 0.0, 0.0, 0.0, 0.0, 0.0, 0.0, 0.0, 0.0, 0.0, 0.0, 0.0, 0.0, 0.0
Green#8, 1.3120895748779446, 1.3120895748779446, 1.3120895748779446, 1.3120895748779446, 1.3120895748779446, 1.3120895748779446, 1.3120895748779446, 1.3120895748779446, 1.3120895748779446, 1.3120895748779446, 1.0691313955806112, 0.672095336958347, 0.672095336958347, 0.672095336958347, 0.672095336958347, 0.672095336958347, 0.672095336958347, 0.672095336958347, 0.5794858041394678, 0.0, 0.0, 0.0, 0.0, 0.0, 0.0, 0.0, 0.0, 0.0, 0.0, 0.0, 0.0, 0.0, 0.0, 0.0, 0.0, 0.0, 0.0, 0.0, 0.0, 0.0, 0.0, 0.0, 0.0, 0.0, 0.0, 0.0, 0.0, 0.0, 0.0, 0.0, 0.0, 0.0, 0.0, 0.0, 0.0, 0.0, 0.0, 0.0, 0.0, 0.0, 0.0, 0.0, 0.0, 0.0, 0.0, 0.0, 0.0, 0.0, 0.0, 0.0, 0.0, 0.0, 0.0, 0.0, 0.0, 0.0, 0.0, 0.0, 0.0, 0.0, 0.0, 0.0, 0.0, 0.0, 0.0, 0.0, 0.0, 0.0, 0.0, 0.0, 0.0
Blue#8, 1.292916001422505, 1.292916001422505, 1.292916001422505, 1.292916001422505, 1.292916001422505, 1.292916001422505, 1.078062214509695, 0.6919637986983156, 0.6919637986983156, 0.5948709150220565, 0.08564396268573685, 0.08564396268573685, 0.0, 0.0, 0.0, 0.0, 0.0, 0.0, 0.0, 0.0, 0.0, 0.0, 0.0, 0.0, 0.0, 0.0, 0.0, 0.0, 0.0, 0.0, 0.0, 0.0, 0.0, 0.0, 0.0, 0.0, 0.0, 0.0, 0.0, 0.0, 0.0, 0.0, 0.0, 0.0, 0.0, 0.0, 0.0, 0.0, 0.0, 0.0, 0.0, 0.0, 0.0, 0.0, 0.0, 0.0, 0.0, 0.0, 0.0, 0.0, 0.0, 0.0, 0.0, 0.0, 0.0, 0.0, 0.0, 0.0, 0.0, 0.0, 0.0, 0.0, 0.0, 0.0, 0.0, 0.0, 0.0, 0.0, 0.0, 0.0, 0.0, 0.0, 0.0, 0.0, 0.0, 0.0, 0.0, 0.0, 0.0, 0.0, 0.0
Red#9, 0.0, 0.0, 0.0, 0.0, 0.0, 0.0, 0.0, 0.0, 0.0, 0.0, 0.0, 0.0, 0.0, 0.0, 0.0, 0.0, 0.0, 0.0, 0.0, 0.0, 0.0, 0.0, 0.0, 0.0, 0.0, 0.0, 0.0, 0.0, 0.0, 0.0, 0.0, 0.0, 0.0, 0.0, 0.0, 0.0, 0.0, 0.0, 0.0, 0.0, 0.0, 0.0, 0.0, 0.0, 0.0, 0.0, 0.0, 0.0, 0.0, 0.0, 0.0, 0.0, 0.0, 0.0, 0.0, 0.0, 0.0, 0.0, 0.0, 0.0, 0.0, 0.0, 0.0, 0.0, 0.0, 0.0, 0.0, 0.0, 0.0, 0.0, 0.0, 0.0, 0.0, 0.0, 0.0, 0.0, 0.0, 0.0, 0.0, 0.0, 0.0, 0.0, 0.0, 0.0, 0.0, 0.0, 0.0, 0.0, 0.0, 0.0, 0.0
Green#9, 1.8366335734358787, 1.8366335734358787, 1.8366335734358787, 1.8366335734358787, 1.8064862438980405, 0.2801754393215821, 0.0, 0.0, 0.0, 0.0, 0.0, 0.0, 0.0, 0.0, 0.0, 0.0, 0.0, 0.0, 0.0, 0.0, 0.0, 0.0, 0.0, 0.0, 0.0, 0.0, 0.0, 0.0, 0.0, 0.0, 0.0, 0.0, 0.0, 0.0, 0.0, 0.0, 0.0, 0.0, 0.0, 0.0, 0.0, 0.0, 0.0, 0.0, 0.0, 0.0, 0.0, 0.0, 0.0, 0.0, 0.0, 0.0, 0.0, 0.0, 0.0, 0.0, 0.0, 0.0, 0.0, 0.0, 0.0, 0.0, 0.0, 0.0, 0.0, 0.0, 0.0, 0.0, 0.0, 0.0, 0.0, 0.0, 0.0, 0.0, 0.0, 0.0, 0.0, 0.0, 0.0, 0.0, 0.0, 0.0, 0.0, 0.0, 0.0, 0.0, 0.0, 0.0, 0.0, 0.0, 0.0
Blue#9, 6.371731288479667, 6.371731288479667, 6.371731288479667, 6.371731288479667, 2.700185040199304, 0.0, 0.0, 0.0, 0.0, 0.0, 0.0, 0.0, 0.0, 0.0, 0.0, 0.0, 0.0, 0.0, 0.0, 0.0, 0.0, 0.0, 0.0, 0.0, 0.0, 0.0, 0.0, 0.0, 0.0, 0.0, 0.0, 0.0, 0.0, 0.0, 0.0, 0.0, 0.0, 0.0, 0.0, 0.0, 0.0, 0.0, 0.0, 0.0, 0.0, 0.0, 0.0, 0.0, 0.0, 0.0, 0.0, 0.0, 0.0, 0.0, 0.0, 0.0, 0.0, 0.0, 0.0, 0.0, 0.0, 0.0, 0.0, 0.0, 0.0, 0.0, 0.0, 0.0, 0.0, 0.0, 0.0, 0.0, 0.0, 0.0, 0.0, 0.0, 0.0, 0.0, 0.0, 0.0, 0.0, 0.0, 0.0, 0.0, 0.0, 0.0, 0.0, 0.0, 0.0, 0.0, 0.0
Red#10, 3.4652205295975387, 3.4652205295975387, 3.4652205295975387, 3.4652205295975387, 3.4652205295975387, 3.4652205295975387, 3.4652205295975387, 2.7580565935697954, 2.7295518356121358, 2.7295518356121358, 2.7295518356121358, 2.4041785892530996, 2.4041785892530996, 2.4041785892530996, 2.4041785892530996, 2.4041785892530996, 2.4041785892530996, 2.4041785892530996, 2.4041785892530996, 2.4041785892530996, 2.4041785892530996, 2.4041785892530996, 2.4041785892530996, 2.4041785892530996, 2.4041785892530996, 2.4041785892530996, 2.4041785892530996, 2.4041785892530996, 2.4041785892530996, 2.4041785892530996, 2.4041785892530996, 2.4041785892530996, 2.4041785892530996, 0.2503890371482657, 0.2503890371482657, 0.2503890371482657, 0.2503890371482657, 0.2503890371482657, 0.2503890371482657, 0.0, 0.0, 0.0, 0.0, 0.0, 0.0, 0.0, 0.0, 0.0, 0.0, 0.0, 0.0, 0.0, 0.0, 0.0, 0.0, 0.0, 0.0, 0.0, 0.0, 0.0, 0.0, 0.0, 0.0, 0.0, 0.0, 0.0, 0.0, 0.0, 0.0, 0.0, 0.0, 0.0, 0.0, 0.0, 0.0, 0.0, 0.0, 0.0, 0.0, 0.0, 0.0, 0.0, 0.0, 0.0, 0.0, 0.0, 0.0, 0.0, 0.0, 0.0, 0.0
Green#10, 3.733759828538675, 3.733759828538675, 3.733759828538675, 3.733759828538675, 3.733759828538675, 3.733759828538675, 3.733759828538675, 2.5461965818850505, 2.5461965818850505, 2.5461965818850505, 2.5461965818850505, 2.465617137600148, 2.465617137600148, 2.465617137600148, 2.465617137600148, 2.465617137600148, 2.465617137600148, 2.465617137600148, 2.465617137600148, 2.465617137600148, 2.465617137600148, 2.465617137600148, 2.465617137600148, 2.465617137600148, 2.465617137600148, 2.465617137600148, 2.465617137600148, 2.465617137600148, 2.465617137600148, 2.465617137600148, 2.465617137600148, 2.465617137600148, 2.465617137600148, 0.6309843715507355, 0.6309843715507355, 0.6309843715507355, 0.6309843715507355, 0.6309843715507355, 0.6309843715507355, 0.0, 0.0, 0.0, 0.0, 0.0, 0.0, 0.0, 0.0, 0.0, 0.0, 0.0, 0.0, 0.0, 0.0, 0.0, 0.0, 0.0, 0.0, 0.0, 0.0, 0.0, 0.0, 0.0, 0.0, 0.0, 0.0, 0.0, 0.0, 0.0, 0.0, 0.0, 0.0, 0.0, 0.0, 0.0, 0.0, 0.0, 0.0, 0.0, 0.0, 0.0, 0.0, 0.0, 0.0, 0.0, 0.0, 0.0, 0.0, 0.0, 0.0, 0.0, 0.0
Blue#10, 3.642427019710075, 3.642427019710075, 3.642427019710075, 3.642427019710075, 3.642427019710075, 2.779684253839862, 2.779684253839862, 2.779684253839862, 2.779684253839862, 2.779684253839862, 2.779684253839862, 2.779684253839862, 2.779684253839862, 2.779684253839862, 2.779684253839862, 2.779684253839862, 2.779684253839862, 2.779684253839862, 2.779684253839862, 2.767201614119953, 2.767201614119953, 2.767201614119953, 2.767201614119953, 2.767201614119953, 2.767201614119953, 2.767201614119953, 2.767201614119953, 2.767201614119953, 2.767201614119953, 2.767201614119953, 2.767201614119953, 2.767201614119953, 2.767201614119953, 1.7945619379712388, 1.4410961077325595, 1.4410961077325595, 1.4410961077325595, 1.4410961077325595, 1.4410961077325595, 0.1539319664355534, 0.1539319664355534, 0.1539319664355534, 0.1539319664355534, 0.1539319664355534, 0.11449005262023972, 0.11449005262023972, 0.11449005262023972, 0.11449005262023972, 0.102093502581808, 0.102093502581808, 0.102093502581808, 0.102093502581808, 0.102093502581808, 0.0, 0.0, 0.0, 0.0, 0.0, 0.0, 0.0, 0.0, 0.0, 0.0, 0.0, 0.0, 0.0, 0.0, 0.0, 0.0, 0.0, 0.0, 0.0, 0.0, 0.0, 0.0, 0.0, 0.0, 0.0, 0.0, 0.0, 0.0, 0.0, 0.0, 0.0, 0.0, 0.0, 0.0, 0.0, 0.0, 0.0, 0.0
Red#11, 3.50874032172468, 3.50874032172468, 3.50874032172468, 3.50874032172468, 3.50874032172468, 3.50874032172468, 2.733246443979555, 2.2890634517550854, 2.2890634517550854, 2.2890634517550854, 2.2890634517550854, 2.1819274922481653, 2.1819274922481653, 2.1819274922481653, 2.1819274922481653, 2.1819274922481653, 2.1819274922481653, 2.1819274922481653, 2.1819274922481653, 2.1819274922481653, 2.1819274922481653, 2.1819274922481653, 2.1819274922481653, 2.1819274922481653, 2.1819274922481653, 2.1819274922481653, 2.1819274922481653, 2.1819274922481653, 2.1819274922481653, 2.1819274922481653, 2.1819274922481653, 2.1819274922481653, 2.1819274922481653, 1.266630500685439, 1.2640926740640583, 1.2640926740640583, 1.2640926740640583, 1.2640926740640583, 1.2640926740640583, 0.735897913940635, 0.735897913940635, 0.735897913940635, 0.735897913940635, 0.735897913940635, 0.2310204300922646, 0.2310204300922646, 0.2310204300922646, 0.2310204300922646, 0.0, 0.0, 0.0, 0.0, 0.0, 0.0, 0.0, 0.0, 0.0, 0.0, 0.0, 0.0, 0.0, 0.0, 0.0, 0.0, 0.0, 0.0, 0.0, 0.0, 0.0, 0.0, 0.0, 0.0, 0.0, 0.0, 0.0, 0.0, 0.0, 0.0, 0.0, 0.0, 0.0, 0.0, 0.0, 0.0, 0.0, 0.0, 0.0, 0.0, 0.0, 0.0, 0.0
Green#11, 3.151450876400005, 3.151450876400005, 3.151450876400005, 3.151450876400005, 3.151450876400005, 3.151450876400005, 2.5104929353863463, 2.319927024366636, 2.319927024366636, 2.319927024366636, 2.319927024366636, 2.1930021142424563, 2.1930021142424563, 2.1930021142424563, 2.1930021142424563, 2.1930021142424563, 2.1930021142424563, 2.1930021142424563, 2.1930021142424563, 2.072449717160625, 2.072449717160625, 2.072449717160625, 2.072449717160625, 2.072449717160625, 2.072449717160625, 2.072449717160625, 2.072449717160625, 2.072449717160625, 2.072449717160625, 2.072449717160625, 2.072449717160625, 2.072449717160625, 2.072449717160625, 1.3183720834452362, 1.238782425548037, 1.238782425548037, 1.238782425548037, 1.238782425548037, 1.238782425548037, 0.7603096355510491, 0.7603096355510491, 0.7603096355510491, 0.7603096355510491, 0.7603096355510491, 0.3209402643893525, 0.3209402643893525, 0.3209402643893525, 0.3209402643893525, 0.06493422379959238, 0.06493422379959238, 0.06493422379959238, 0.06493422379959238, 0.06493422379959238, 0.0, 0.0, 0.0, 0.0, 0.0, 0.0, 0.0, 0.0, 0.0, 0.0, 0.0, 0.0, 0.0, 0.0, 0.0, 0.0, 0.0, 0.0, 0.0, 0.0, 0.0, 0.0, 0.0, 0.0, 0.0, 0.0, 0.0, 0.0, 0.0, 0.0, 0.0, 0.0, 0.0, 0.0, 0.0, 0.0, 0.0, 0.0
Blue#11, 1.964142420162509, 1.964142420162509, 1.964142420162509, 1.964142420162509, 1.5751674642986542, 1.5751674642986542, 1.5751674642986542, 1.5751674642986542, 1.5751674642986542, 1.5751674642986542, 1.5751674642986542, 1.5751674642986542, 1.2802299878411105, 1.2802299878411105, 1.2802299878411105, 1.2802299878411105, 1.2802299878411105, 1.2802299878411105, 1.2802299878411105, 1.0097247936261282, 1.0097247936261282, 1.0097247936261282, 1.0097247936261282, 1.0097247936261282, 1.0097247936261282, 1.0097247936261282, 0.9801760210087505, 0.9564475490084979, 0.9564475490084979, 0.9564475490084979, 0.9564475490084979, 0.9564475490084979, 0.9564475490084979, 0.6671539711456629, 0.5405464625712334, 0.5405464625712334, 0.5405464625712334, 0.5405464625712334, 0.5405464625712334, 0.31245496227236763, 0.31245496227236763, 0.31245496227236763, 0.31245496227236763, 0.31245496227236763, 0.11589437423796783, 0.11589437423796783, 0.11589437423796783, 0.11589437423796783, 0.018326355554135722, 0.018326355554135722, 0.018326355554135722, 0.018326355554135722, 0.018326355554135722, 0.0, 0.0, 0.0, 0.0, 0.0, 0.0, 0.0, 0.0, 0.0, 0.0, 0.0, 0.0, 0.0, 0.0, 0.0, 0.0, 0.0, 0.0, 0.0, 0.0, 0.0, 0.0, 0.0, 0.0, 0.0, 0.0, 0.0, 0.0, 0.0, 0.0, 0.0, 0.0, 0.0, 0.0, 0.0, 0.0, 0.0, 0.0

